interval_opt,macd_slow_opt,macd_fast_opt,macd_signal_opt,multiple_hold,ann_log_mean_hold,ann_log_std_hold,sharpe_ratio_hold,multiple_macd_peak_strategy,ann_log_mean_macd_peak,ann_log_std_macd_peak,sharpe_ratio_macd_peak,multiple_macd_peak_strategy_net,ann_log_mean_macd_peak_net,ann_log_std_macd_peak_net,sharpe_ratio_macd_peak_net,trend_ref,start_opt,end_opt
5m,15,3,3,0.9865820354818746,-0.008056718274623668,0.026188754617355627,-0.3076403743645136,0.9808618767515612,-0.011543574677723925,0.019627068381932043,-0.5881456391291995,0.9336625155582023,-0.041004397751806435,0.02045158246431902,-2.0049498772696444,ee_macd_peak,2022-09-24-09:00,2022-09-26-21:00
5m,15,3,6,0.9865820354818746,-0.008056718274623668,0.026188754617355627,-0.3076403743645136,0.9906246541440418,-0.005627075992868033,0.01883860106235579,-0.2986992491768579,0.9445604339683549,-0.0340720086161201,0.019955333649733894,-1.7074136275628973,ee_macd_peak,2022-09-24-09:00,2022-09-26-21:00
5m,15,3,9,0.9865820354818746,-0.008056718274623668,0.026188754617355627,-0.3076403743645136,1.0017682230455578,0.0010553706653897016,0.01983182478330228,0.05321601400382923,0.9608880485131984,-0.02383394537995583,0.020799309505936496,-1.145900798925714,ee_macd_peak,2022-09-24-09:00,2022-09-26-21:00
5m,15,3,12,0.9865820354818746,-0.008056718274623668,0.026188754617355627,-0.3076403743645136,1.0043734958300645,0.0026069482161887297,0.019638527664697536,0.1327466223893664,0.9650267088242324,-0.02126647737832638,0.02055899527765687,-1.0344122896627341,ee_macd_peak,2022-09-24-09:00,2022-09-26-21:00
5m,15,3,15,0.9865820354818746,-0.008056718274623668,0.026188754617355627,-0.3076403743645136,1.0048435611874682,0.0028864683190122434,0.01926860151690898,0.14980165096461465,0.9687676821590188,-0.018955176373842007,0.020157571823053846,-0.9403501840515988,ee_macd_peak,2022-09-24-09:00,2022-09-26-21:00
5m,15,3,18,0.9865820354818746,-0.008056718274623668,0.026188754617355627,-0.3076403743645136,1.0022417990106092,0.0013377100227015381,0.019064602166034537,0.07016721414123187,0.9679039207027019,-0.019488044219322282,0.0199357443776961,-0.9775428421486635,ee_macd_peak,2022-09-24-09:00,2022-09-26-21:00
5m,15,8,3,0.9865820354818746,-0.008056718274623668,0.026188754617355627,-0.3076403743645136,0.9911593803867229,-0.005304704349263272,0.019991867131219664,-0.26534311750098366,0.9482900893800601,-0.03171785607085447,0.02097081795126304,-1.5124758673966818,ee_macd_peak,2022-09-24-09:00,2022-09-26-21:00
5m,15,8,6,0.9865820354818746,-0.008056718274623668,0.026188754617355627,-0.3076403743645136,1.000250968077274,0.00014990483693905804,0.019217924529980456,0.007800261506137285,0.9594327097112358,-0.024739411208406475,0.020327944458250077,-1.2170148958846652,ee_macd_peak,2022-09-24-09:00,2022-09-26-21:00
5m,15,8,9,0.9865820354818746,-0.008056718274623668,0.026188754617355627,-0.3076403743645136,0.9944710112260101,-0.003312079419869842,0.01898896726234385,-0.1744212507247761,0.9587675273365451,-0.02515372411272409,0.020021722151058016,-1.256321705143375,ee_macd_peak,2022-09-24-09:00,2022-09-26-21:00
5m,15,8,12,0.9865820354818746,-0.008056718274623668,0.026188754617355627,-0.3076403743645136,0.9997790610300497,-0.0001319994008255941,0.017400262617676576,-0.007586057965096375,0.9622472439669807,-0.022989534544510276,0.01858347350263496,-1.2370956668165711,ee_macd_peak,2022-09-24-09:00,2022-09-26-21:00
5m,15,8,15,0.9865820354818746,-0.008056718274623668,0.026188754617355627,-0.3076403743645136,0.9905000030248683,-0.005702249710675475,0.01753340509223467,-0.32522203648856157,0.9533165228305563,-0.02855978485436017,0.01864120096314658,-1.5320785882209256,ee_macd_peak,2022-09-24-09:00,2022-09-26-21:00
5m,15,8,18,0.9865820354818746,-0.008056718274623668,0.026188754617355627,-0.3076403743645136,0.9898196060740938,-0.00611274552934512,0.017392885751124274,-0.3514509102636975,0.9591640405123834,-0.024906718869708088,0.0182855748375155,-1.3620965756355854,ee_macd_peak,2022-09-24-09:00,2022-09-26-21:00
5m,15,13,3,0.9865820354818746,-0.008056718274623668,0.026188754617355627,-0.3076403743645136,1.003227104493009,0.0019247080636574433,0.019636821037019882,0.09801525715536796,0.9639252278874929,-0.021948717530857663,0.020554035153729038,-1.0678544318279806,ee_macd_peak,2022-09-24-09:00,2022-09-26-21:00
5m,15,13,6,0.9865820354818746,-0.008056718274623668,0.026188754617355627,-0.3076403743645136,0.9944710112260101,-0.003312079419869842,0.01898896726234385,-0.1744212507247761,0.9587675273365451,-0.02515372411272409,0.020021722151058016,-1.256321705143375,ee_macd_peak,2022-09-24-09:00,2022-09-26-21:00
5m,15,13,9,0.9865820354818746,-0.008056718274623668,0.026188754617355627,-0.3076403743645136,0.9903308945962975,-0.0058042495536508535,0.01753281577040813,-0.33105062128396173,0.9531537627511882,-0.028661784697335543,0.01864030343008291,-1.5376243635111286,ee_macd_peak,2022-09-24-09:00,2022-09-26-21:00
5m,15,13,12,0.9865820354818746,-0.008056718274623668,0.026188754617355627,-0.3076403743645136,0.9903378232355453,-0.005800070116902801,0.01744798898198948,-0.3324205513248471,0.9596662080420933,-0.024594043457265766,0.01831189331840761,-1.3430639328017038,ee_macd_peak,2022-09-24-09:00,2022-09-26-21:00
5m,15,13,15,0.9865820354818746,-0.008056718274623668,0.026188754617355627,-0.3076403743645136,0.9923582730144229,-0.004582556832287588,0.017693478635502406,-0.2589969404372848,0.9616240827514528,-0.023376530172650553,0.018603225707804844,-1.2565847740504006,ee_macd_peak,2022-09-24-09:00,2022-09-26-21:00
5m,15,13,18,0.9865820354818746,-0.008056718274623668,0.026188754617355627,-0.3076403743645136,0.9944616078790265,-0.0033177280617464402,0.01781207024807964,-0.18626291135945483,0.9653024475816324,-0.021095810951278972,0.018712397381400098,-1.127370829151371,ee_macd_peak,2022-09-24-09:00,2022-09-26-21:00
5m,20,3,3,0.9865820354818746,-0.008056718274623668,0.026188754617355627,-0.3076403743645136,0.973980639542028,-0.01574927377002497,0.019326877184021745,-0.8148897320590149,0.9302710181527363,-0.043178315942446616,0.020103417537174546,-2.1478097374539806,ee_macd_peak,2022-09-24-09:00,2022-09-26-21:00
5m,20,3,6,0.9865820354818746,-0.008056718274623668,0.026188754617355627,-0.3076403743645136,0.982341093949434,-0.01064335505165627,0.019320210962162583,-0.5508922792044357,0.9398532084916071,-0.03705650677324746,0.02029681867853912,-1.8257298032833704,ee_macd_peak,2022-09-24-09:00,2022-09-26-21:00
5m,20,3,9,0.9865820354818746,-0.008056718274623668,0.026188754617355627,-0.3076403743645136,1.0069761201593677,0.00415293511981225,0.019631481425231526,0.2115446628737175,0.9675273741656027,-0.019720490474702857,0.02060062496256233,-0.9572763210116709,ee_macd_peak,2022-09-24-09:00,2022-09-26-21:00
5m,20,3,12,0.9865820354818746,-0.008056718274623668,0.026188754617355627,-0.3076403743645136,1.0048435611874682,0.0028864683190122434,0.01926860151690898,0.14980165096461465,0.9687676821590188,-0.018955176373842007,0.020157571823053846,-0.9403501840515988,ee_macd_peak,2022-09-24-09:00,2022-09-26-21:00
5m,20,3,15,0.9865820354818746,-0.008056718274623668,0.026188754617355627,-0.3076403743645136,1.0022417990106092,0.0013377100227015381,0.019064602166034537,0.07016721414123187,0.9679039207027019,-0.019488044219322282,0.0199357443776961,-0.9775428421486635,ee_macd_peak,2022-09-24-09:00,2022-09-26-21:00
5m,20,3,18,0.9865820354818746,-0.008056718274623668,0.026188754617355627,-0.3076403743645136,1.0032846610491648,0.0019589796920232725,0.01901692021036884,0.1030124578718668,0.9689110531700031,-0.018866774550000548,0.0199066236924415,-0.9477636610554012,ee_macd_peak,2022-09-24-09:00,2022-09-26-21:00
5m,20,8,3,0.9865820354818746,-0.008056718274623668,0.026188754617355627,-0.3076403743645136,1.0074685324736063,0.004444983784045479,0.019563367272121494,0.22720954538228916,0.9680004960042088,-0.019428441810469627,0.020512686770798833,-0.9471427135584841,ee_macd_peak,2022-09-24-09:00,2022-09-26-21:00
5m,20,8,6,0.9865820354818746,-0.008056718274623668,0.026188754617355627,-0.3076403743645136,0.9946352739765697,-0.0032134145035371126,0.019345543916028246,-0.16610618535644903,0.9556699862264187,-0.02708684009805222,0.020442617185153413,-1.3250182133099973,ee_macd_peak,2022-09-24-09:00,2022-09-26-21:00
5m,20,8,9,0.9865820354818746,-0.008056718274623668,0.026188754617355627,-0.3076403743645136,0.9919852188910145,-0.004807170742568904,0.01896886052431433,-0.2534243285940693,0.9547459835280256,-0.027664705886253586,0.020039631634246026,-1.380499721311092,ee_macd_peak,2022-09-24-09:00,2022-09-26-21:00
5m,20,8,12,0.9865820354818746,-0.008056718274623668,0.026188754617355627,-0.3076403743645136,0.9905000030248683,-0.005702249710675475,0.01753340509223467,-0.32522203648856157,0.9533165228305563,-0.02855978485436017,0.01864120096314658,-1.5320785882209256,ee_macd_peak,2022-09-24-09:00,2022-09-26-21:00
5m,20,8,15,0.9865820354818746,-0.008056718274623668,0.026188754617355627,-0.3076403743645136,0.9898196060740938,-0.00611274552934512,0.017392885751124274,-0.3514509102636975,0.9591640405123834,-0.024906718869708088,0.0182855748375155,-1.3620965756355854,ee_macd_peak,2022-09-24-09:00,2022-09-26-21:00
5m,20,8,18,0.9865820354818746,-0.008056718274623668,0.026188754617355627,-0.3076403743645136,0.9942300420253657,-0.003456847790103999,0.01760977578403109,-0.19630277139807426,0.9634378814642935,-0.022250821130466968,0.018504568365356234,-1.202450156693434,ee_macd_peak,2022-09-24-09:00,2022-09-26-21:00
5m,20,13,3,0.9865820354818746,-0.008056718274623668,0.026188754617355627,-0.3076403743645136,1.0046492579160817,0.002770943497737728,0.019268318498114577,0.14380826733837035,0.9685803547608768,-0.01907070119511652,0.020156957767093607,-0.9461100933718078,ee_macd_peak,2022-09-24-09:00,2022-09-26-21:00
5m,20,13,6,0.9865820354818746,-0.008056718274623668,0.026188754617355627,-0.3076403743645136,0.993595925271377,-0.0038379772618016253,0.018911224968196198,-0.20294704696581597,0.956296223811861,-0.026695512405486305,0.019988126065025494,-1.3355685429759798,ee_macd_peak,2022-09-24-09:00,2022-09-26-21:00
5m,20,13,9,0.9865820354818746,-0.008056718274623668,0.026188754617355627,-0.3076403743645136,0.9898196060740938,-0.00611274552934512,0.017392885751124274,-0.3514509102636975,0.9591640405123834,-0.024906718869708088,0.0182855748375155,-1.3620965756355854,ee_macd_peak,2022-09-24-09:00,2022-09-26-21:00
5m,20,13,12,0.9865820354818746,-0.008056718274623668,0.026188754617355627,-0.3076403743645136,0.9915201977705584,-0.0050872757967637666,0.017681025536722933,-0.2877251540753479,0.960811963419581,-0.023881249137126727,0.01858998179218264,-1.2846300445097338,ee_macd_peak,2022-09-24-09:00,2022-09-26-21:00
5m,20,13,15,0.9865820354818746,-0.008056718274623668,0.026188754617355627,-0.3076403743645136,0.9944616078790265,-0.0033177280617464402,0.01781207024807964,-0.18626291135945483,0.9653024475816324,-0.021095810951278972,0.018712397381400098,-1.127370829151371,ee_macd_peak,2022-09-24-09:00,2022-09-26-21:00
5m,20,13,18,0.9865820354818746,-0.008056718274623668,0.026188754617355627,-0.3076403743645136,0.9956677867503626,-0.002593605456354419,0.017346489518887884,-0.14951759856254188,0.9681182158205599,-0.01935579789505652,0.01825309251459141,-1.0604119756465165,ee_macd_peak,2022-09-24-09:00,2022-09-26-21:00
5m,25,3,3,0.9865820354818746,-0.008056718274623668,0.026188754617355627,-0.3076403743645136,0.973790715164003,-0.01586577335804933,0.019482439521960396,-0.8143627670531507,0.931672647803672,-0.042278925079640546,0.020243289573938998,-2.0885402505959307,ee_macd_peak,2022-09-24-09:00,2022-09-26-21:00
5m,25,3,6,0.9865820354818746,-0.008056718274623668,0.026188754617355627,-0.3076403743645136,0.9923753666973748,-0.004572266839657315,0.019605181510043753,-0.23321726643106766,0.9518784960052028,-0.02946158288500287,0.020492313281538086,-1.4376894633728525,ee_macd_peak,2022-09-24-09:00,2022-09-26-21:00
5m,25,3,9,0.9865820354818746,-0.008056718274623668,0.026188754617355627,-0.3076403743645136,1.00198619709404,0.0011853403151850178,0.01924528239528964,0.06159121445134703,0.9643715238978354,-0.021672194828499663,0.020154751739120676,-1.0752895946832035,ee_macd_peak,2022-09-24-09:00,2022-09-26-21:00
5m,25,3,12,0.9865820354818746,-0.008056718274623668,0.026188754617355627,-0.3076403743645136,1.0042342479224926,0.002524120593626205,0.019298177057031178,0.1307958045035428,0.9681802444500867,-0.019317524099228052,0.02020746736012458,-0.9559596833667214,ee_macd_peak,2022-09-24-09:00,2022-09-26-21:00
5m,25,3,15,0.9865820354818746,-0.008056718274623668,0.026188754617355627,-0.3076403743645136,1.0036024009571372,0.002148140206165511,0.01899478585542687,0.11309104627530091,0.9675710820453604,-0.01969350448668874,0.019932093870538382,-0.9880298886108346,ee_macd_peak,2022-09-24-09:00,2022-09-26-21:00
5m,25,3,18,0.9865820354818746,-0.008056718274623668,0.026188754617355627,-0.3076403743645136,0.9925829482183419,-0.004447321819801904,0.01914302417526751,-0.23232075449958292,0.9602075075959025,-0.024257185610995293,0.020003470361349248,-1.212648864062362,ee_macd_peak,2022-09-24-09:00,2022-09-26-21:00
5m,25,8,3,0.9865820354818746,-0.008056718274623668,0.026188754617355627,-0.3076403743645136,1.0040245444567804,0.0023993628296238912,0.019704520371664203,0.12176712674895959,0.9646914277791847,-0.02147406276489122,0.020635672596345567,-1.040628196858198,ee_macd_peak,2022-09-24-09:00,2022-09-26-21:00
5m,25,8,6,0.9865820354818746,-0.008056718274623668,0.026188754617355627,-0.3076403743645136,0.9948127419561104,-0.0031068361368512447,0.019055588214852894,-0.1630406840146566,0.9590969892549064,-0.02494848082970549,0.02010387288126694,-1.2409788391048187,ee_macd_peak,2022-09-24-09:00,2022-09-26-21:00
5m,25,8,9,0.9865820354818746,-0.008056718274623668,0.026188754617355627,-0.3076403743645136,0.9923317821897774,-0.00459850403204156,0.01773024853324501,-0.2593592539562634,0.9550795368020372,-0.027456039175726248,0.01887439733742516,-1.454671038491118,ee_macd_peak,2022-09-24-09:00,2022-09-26-21:00
5m,25,8,12,0.9865820354818746,-0.008056718274623668,0.026188754617355627,-0.3076403743645136,0.9875619095651319,-0.007476879203996891,0.0170859447937859,-0.4376040830189388,0.9553502419946795,-0.027286742995190297,0.018070303127356645,-1.5100323886587645,ee_macd_peak,2022-09-24-09:00,2022-09-26-21:00
5m,25,8,15,0.9865820354818746,-0.008056718274623668,0.026188754617355627,-0.3076403743645136,0.9916422910511979,-0.005013720303103006,0.01738288498544236,-0.28842854953604335,0.9609302753661811,-0.02380769364346597,0.018303685128826946,-1.300704938699509,ee_macd_peak,2022-09-24-09:00,2022-09-26-21:00
5m,25,8,18,0.9865820354818746,-0.008056718274623668,0.026188754617355627,-0.3076403743645136,0.9903081601817001,-0.005817963425515615,0.017474057636216195,-0.33294862284633203,0.9596374636785694,-0.024611936765878566,0.018465772357949096,-1.3328409063422515,ee_macd_peak,2022-09-24-09:00,2022-09-26-21:00
5m,25,13,3,0.9865820354818746,-0.008056718274623668,0.026188754617355627,-0.3076403743645136,1.003730766778409,0.002224543414086702,0.019029758094542992,0.11689814463404113,0.9693418748387957,-0.01860121082793712,0.019904971917610904,-0.9345007320246315,ee_macd_peak,2022-09-24-09:00,2022-09-26-21:00
5m,25,13,6,0.9865820354818746,-0.008056718274623668,0.026188754617355627,-0.3076403743645136,0.9913582190809431,-0.005184874364967178,0.0176551972736663,-0.2936741110619423,0.9557664906101361,-0.027026519057821444,0.018771558769590548,-1.4397589134474928,ee_macd_peak,2022-09-24-09:00,2022-09-26-21:00
5m,25,13,9,0.9865820354818746,-0.008056718274623668,0.026188754617355627,-0.3076403743645136,0.9917094754176908,-0.004973248725932511,0.017382837893221478,-0.28610108179584726,0.9609953789749894,-0.023767222066295474,0.018303754443363705,-1.2984889050952402,ee_macd_peak,2022-09-24-09:00,2022-09-26-21:00
5m,25,13,12,0.9865820354818746,-0.008056718274623668,0.026188754617355627,-0.3076403743645136,0.9919404542068558,-0.0048341289975749515,0.017587775710076282,-0.2748573257507151,0.9628552180544251,-0.022612211887107478,0.018514097462745814,-1.221351023597446,ee_macd_peak,2022-09-24-09:00,2022-09-26-21:00
5m,25,13,15,0.9865820354818746,-0.008056718274623668,0.026188754617355627,-0.3076403743645136,0.9956677867503626,-0.002593605456354419,0.017346489518887884,-0.14951759856254188,0.9681182158205599,-0.01935579789505652,0.01825309251459141,-1.0604119756465165,ee_macd_peak,2022-09-24-09:00,2022-09-26-21:00
5m,25,13,18,0.9865820354818746,-0.008056718274623668,0.026188754617355627,-0.3076403743645136,0.9921261805505381,-0.004722288547435184,0.017234638837057985,-0.27399985529614357,0.9646746038839885,-0.02148448098613728,0.01814143402680977,-1.18427688540978,ee_macd_peak,2022-09-24-09:00,2022-09-26-21:00
5m,30,3,3,0.9865820354818746,-0.008056718274623668,0.026188754617355627,-0.3076403743645136,0.9728609182491531,-0.01643643876273081,0.019468209224064302,-0.8442707068513536,0.930783066151179,-0.04284959048432203,0.02019197119473267,-2.122110321527196,ee_macd_peak,2022-09-24-09:00,2022-09-26-21:00
5m,30,3,6,0.9865820354818746,-0.008056718274623668,0.026188754617355627,-0.3076403743645136,1.009987767822663,0.005936907029955362,0.01944312688990946,0.3053473375744146,0.9687721699684866,-0.01895240901539017,0.02042945626817892,-0.92770011921025,ee_macd_peak,2022-09-24-09:00,2022-09-26-21:00
5m,30,3,9,0.9865820354818746,-0.008056718274623668,0.026188754617355627,-0.3076403743645136,1.0057024277492432,0.0033968479804153164,0.019192923503349703,0.17698439634912685,0.9663035792330403,-0.020476577614099788,0.020184422331184265,-1.0144742949846106,ee_macd_peak,2022-09-24-09:00,2022-09-26-21:00
5m,30,3,12,0.9865820354818746,-0.008056718274623668,0.026188754617355627,-0.3076403743645136,1.0015433386268882,0.0009212509817935117,0.01881665024549787,0.04895935088201648,0.9655859441411687,-0.020920393711060744,0.019778568176068975,-1.0577304446321507,ee_macd_peak,2022-09-24-09:00,2022-09-26-21:00
5m,30,3,15,0.9865820354818746,-0.008056718274623668,0.026188754617355627,-0.3076403743645136,0.9962520842979845,-0.002243141094563035,0.019085941941487935,-0.11752844588125999,0.9637569661236635,-0.022053004885756424,0.019930625220987715,-1.106488363572948,ee_macd_peak,2022-09-24-09:00,2022-09-26-21:00
5m,30,3,18,0.9865820354818746,-0.008056718274623668,0.026188754617355627,-0.3076403743645136,0.9922515519567063,-0.004646804391625751,0.01909876176448472,-0.24330396121631084,0.9615206669367943,-0.02344077773198871,0.01991850056422796,-1.1768344537985191,ee_macd_peak,2022-09-24-09:00,2022-09-26-21:00
5m,30,8,3,0.9865820354818746,-0.008056718274623668,0.026188754617355627,-0.3076403743645136,1.0071958835672519,0.004283293956908638,0.019562206843430133,0.21895760489554175,0.9677385282423591,-0.01959013163760647,0.020526891316713362,-0.9543642695499555,ee_macd_peak,2022-09-24-09:00,2022-09-26-21:00
5m,30,8,6,0.9865820354818746,-0.008056718274623668,0.026188754617355627,-0.3076403743645136,0.9939100547176984,-0.003649142537602809,0.018953149881702658,-0.1925348852501655,0.9582267102806973,-0.02549078723045705,0.020005177911945272,-1.2742094742999648,ee_macd_peak,2022-09-24-09:00,2022-09-26-21:00
5m,30,8,9,0.9865820354818746,-0.008056718274623668,0.026188754617355627,-0.3076403743645136,0.9885683612443856,-0.006868381357736978,0.01720287712947944,-0.399257711721203,0.9530767942093539,-0.028710026050591243,0.01834128121401777,-1.565322820995128,ee_macd_peak,2022-09-24-09:00,2022-09-26-21:00
5m,30,8,12,0.9865820354818746,-0.008056718274623668,0.026188754617355627,-0.3076403743645136,0.9866991224817476,-0.007999011718625557,0.01711028187638075,-0.4674973665786005,0.9545155967527786,-0.027808875509818955,0.018036062310623612,-1.5418484939164883,ee_macd_peak,2022-09-24-09:00,2022-09-26-21:00
5m,30,8,15,0.9865820354818746,-0.008056718274623668,0.026188754617355627,-0.3076403743645136,0.9875515423266219,-0.007483150433478661,0.017303764890588116,-0.432457935067582,0.9553402129081752,-0.027293014224672063,0.018306253034866053,-1.4909121037871509,ee_macd_peak,2022-09-24-09:00,2022-09-26-21:00
5m,30,8,18,0.9865820354818746,-0.008056718274623668,0.026188754617355627,-0.3076403743645136,0.991913720944039,-0.004850228923285502,0.017425028984878223,-0.2783483991616097,0.9595601087520809,-0.02466009271447888,0.018474449571584704,-1.3348215122148066,ee_macd_peak,2022-09-24-09:00,2022-09-26-21:00
5m,30,13,3,0.9865820354818746,-0.008056718274623668,0.026188754617355627,-0.3076403743645136,1.0012880788764114,0.000768979141230792,0.01878665593624328,0.040932199101345906,0.9653398487225686,-0.021072665551623463,0.01974957265599254,-1.0669934949316213,ee_macd_peak,2022-09-24-09:00,2022-09-26-21:00
5m,30,13,6,0.9865820354818746,-0.008056718274623668,0.026188754617355627,-0.3076403743645136,0.9897040361335792,-0.006182499004143879,0.017200933063361564,-0.35942811831020743,0.9557957150207019,-0.027008253246167718,0.018266847813100968,-1.4785393474837745,ee_macd_peak,2022-09-24-09:00,2022-09-26-21:00
5m,30,13,9,0.9865820354818746,-0.008056718274623668,0.026188754617355627,-0.3076403743645136,0.9876503651396541,-0.007423374362483937,0.017381718473237415,-0.4270794268077513,0.9570619828376778,-0.026217347702846894,0.018332990994800923,-1.4300638510258312,ee_macd_peak,2022-09-24-09:00,2022-09-26-21:00
5m,30,13,12,0.9865820354818746,-0.008056718274623668,0.026188754617355627,-0.3076403743645136,0.9935859061073118,-0.003844001130962542,0.01744876054835755,-0.22030224555545164,0.9644524227471991,-0.02162208402049507,0.018384716633446596,-1.1760901433290987,ee_macd_peak,2022-09-24-09:00,2022-09-26-21:00
5m,30,13,15,0.9865820354818746,-0.008056718274623668,0.026188754617355627,-0.3076403743645136,0.9927338954792401,-0.004356481833473303,0.01721896599094666,-0.25300484568956355,0.9669084044636991,-0.020102783821344974,0.01808062181510357,-1.1118413972108083,ee_macd_peak,2022-09-24-09:00,2022-09-26-21:00
5m,30,13,18,0.9865820354818746,-0.008056718274623668,0.026188754617355627,-0.3076403743645136,0.9896906504448113,-0.006190578606231195,0.0168624059076194,-0.3671230926444451,0.9623064635344558,-0.0229527710449333,0.01782478484983199,-1.287688532473347,ee_macd_peak,2022-09-24-09:00,2022-09-26-21:00
5m,35,3,3,0.9865820354818746,-0.008056718274623668,0.026188754617355627,-0.3076403743645136,0.9728992771695362,-0.016412885085977172,0.019984528128748385,-0.8212795909034605,0.9339910093757589,-0.040794255905907524,0.020657175240750236,-1.9748225703886677,ee_macd_peak,2022-09-24-09:00,2022-09-26-21:00
5m,35,3,6,0.9865820354818746,-0.008056718274623668,0.026188754617355627,-0.3076403743645136,1.009987767822663,0.005936907029955362,0.01944312688990946,0.3053473375744146,0.9687721699684866,-0.01895240901539017,0.02042945626817892,-0.92770011921025,ee_macd_peak,2022-09-24-09:00,2022-09-26-21:00
5m,35,3,9,0.9865820354818746,-0.008056718274623668,0.026188754617355627,-0.3076403743645136,1.002930700167786,0.0017481851455980392,0.018988523262051134,0.09206535555568005,0.9636404353360777,-0.022125240448917068,0.020007497221362587,-1.105847483277084,ee_macd_peak,2022-09-24-09:00,2022-09-26-21:00
5m,35,3,12,0.9865820354818746,-0.008056718274623668,0.026188754617355627,-0.3076403743645136,0.9997384998398551,-0.00015623574534352958,0.018719543057144395,-0.008346130291033014,0.9654863872447513,-0.02098198998736735,0.019642869198262948,-1.068173380150738,ee_macd_peak,2022-09-24-09:00,2022-09-26-21:00
5m,35,3,15,0.9865820354818746,-0.008056718274623668,0.026188754617355627,-0.3076403743645136,0.9922515519567063,-0.004646804391625751,0.01909876176448472,-0.24330396121631084,0.9615206669367943,-0.02344077773198871,0.01991850056422796,-1.1768344537985191,ee_macd_peak,2022-09-24-09:00,2022-09-26-21:00
5m,35,3,18,0.9865820354818746,-0.008056718274623668,0.026188754617355627,-0.3076403743645136,0.9904578978514204,-0.005727644339218329,0.019170223976631134,-0.29877816483523806,0.9597825638437151,-0.024521617679581286,0.019997404607200273,-1.2262400127040498,ee_macd_peak,2022-09-24-09:00,2022-09-26-21:00
5m,35,8,3,0.9865820354818746,-0.008056718274623668,0.026188754617355627,-0.3076403743645136,1.002313971349431,0.001380726444874731,0.01909778592458776,0.0722977234286144,0.9630478671487596,-0.022492699149640378,0.020106961058097755,-1.1186523455558097,ee_macd_peak,2022-09-24-09:00,2022-09-26-21:00
5m,35,8,6,0.9865820354818746,-0.008056718274623668,0.026188754617355627,-0.3076403743645136,0.9939210858650643,-0.0036425123953503034,0.018983980022249065,-0.19187295767701554,0.9582373453879697,-0.02548415708820455,0.020030749656640544,-1.2722517891264298,ee_macd_peak,2022-09-24-09:00,2022-09-26-21:00
5m,35,8,9,0.9865820354818746,-0.008056718274623668,0.026188754617355627,-0.3076403743645136,0.9894774701198087,-0.00631926898661943,0.01719335391622229,-0.36754137775626583,0.9555769114014128,-0.027145023228643275,0.018243891887434936,-1.4878965187980964,ee_macd_peak,2022-09-24-09:00,2022-09-26-21:00
5m,35,8,12,0.9865820354818746,-0.008056718274623668,0.026188754617355627,-0.3076403743645136,0.9885494702963901,-0.0068797970656798435,0.017147663782728396,-0.40120900157894196,0.9563055910968005,-0.026689660856873243,0.018166236555685958,-1.4691904278059997,ee_macd_peak,2022-09-24-09:00,2022-09-26-21:00
5m,35,8,15,0.9865820354818746,-0.008056718274623668,0.026188754617355627,-0.3076403743645136,0.9905606132129591,-0.005665696164338871,0.017398892651330634,-0.3256354457653125,0.9582511358301693,-0.02547555995553226,0.018454827809252228,-1.3804279410702616,ee_macd_peak,2022-09-24-09:00,2022-09-26-21:00
5m,35,8,18,0.9865820354818746,-0.008056718274623668,0.026188754617355627,-0.3076403743645136,0.9944425357541006,-0.003329184955353894,0.01738447523559705,-0.19150333330378247,0.9652839346810583,-0.021107267844886424,0.018321603100900405,-1.1520426312394638,ee_macd_peak,2022-09-24-09:00,2022-09-26-21:00
5m,35,13,3,0.9865820354818746,-0.008056718274623668,0.026188754617355627,-0.3076403743645136,0.9964410389376865,-0.0021298492130623296,0.0190692798897212,-0.11169007038437614,0.9639397575608555,-0.021939713004255717,0.01990029754323652,-1.1024816566982603,ee_macd_peak,2022-09-24-09:00,2022-09-26-21:00
5m,35,13,6,0.9865820354818746,-0.008056718274623668,0.026188754617355627,-0.3076403743645136,0.990425155297743,-0.005747392895932969,0.017178024762634244,-0.33457821695744305,0.956492127869355,-0.026573147137956804,0.0182312389307088,-1.4575612353583305,ee_macd_peak,2022-09-24-09:00,2022-09-26-21:00
5m,35,13,9,0.9865820354818746,-0.008056718274623668,0.026188754617355627,-0.3076403743645136,0.9905606132129591,-0.005665696164338871,0.017398892651330634,-0.3256354457653125,0.9582511358301693,-0.02547555995553226,0.018454827809252228,-1.3804279410702616,ee_macd_peak,2022-09-24-09:00,2022-09-26-21:00
5m,35,13,12,0.9865820354818746,-0.008056718274623668,0.026188754617355627,-0.3076403743645136,0.9973742762708867,-0.0015706212775254097,0.01726744678285098,-0.0909585127017886,0.969777487730238,-0.018332813716227504,0.018195132305762612,-1.007566936483407,ee_macd_peak,2022-09-24-09:00,2022-09-26-21:00
5m,35,13,15,0.9865820354818746,-0.008056718274623668,0.026188754617355627,-0.3076403743645136,0.9929869668879431,-0.0042042145722965595,0.017142646926390365,-0.24524885744594976,0.9655115727447479,-0.02096640701099866,0.018070035390852748,-1.1602858853066822,ee_macd_peak,2022-09-24-09:00,2022-09-26-21:00
5m,35,13,18,0.9865820354818746,-0.008056718274623668,0.026188754617355627,-0.3076403743645136,0.9876103819346462,-0.007447558734806633,0.01656708569338208,-0.4495394586980165,0.9602837548907808,-0.02420975117350874,0.01756502469117065,-1.3782930339789485,ee_macd_peak,2022-09-24-09:00,2022-09-26-21:00
15m,15,3,3,0.9884332033746296,-0.020816115283915023,0.042701459965306804,-0.4874801775121335,1.0018914095722784,0.003397598201739346,0.032790179806733134,0.10361633335849178,0.9858354563054744,-0.025650362989616485,0.033416913690710565,-0.7675862357314861,ee_macd_peak,2022-09-24-09:00,2022-09-26-21:00
15m,15,3,6,0.9884332033746296,-0.020816115283915023,0.042701459965306804,-0.4874801775121335,0.9938511369216083,-0.011089967951096189,0.026284797173908334,-0.4219156753510988,0.9795884800376119,-0.03708024901704615,0.02703171621780845,-1.3717312181835406,ee_macd_peak,2022-09-24-09:00,2022-09-26-21:00
15m,15,3,9,0.9884332033746296,-0.020816115283915023,0.042701459965306804,-0.4874801775121335,1.0049793169239811,0.008930742907902552,0.025814064125612147,0.3459642334676648,0.9905569606572292,-0.017059538158047404,0.026830752070758655,-0.6358203494653304,ee_macd_peak,2022-09-24-09:00,2022-09-26-21:00
15m,15,3,12,0.9884332033746296,-0.020816115283915023,0.042701459965306804,-0.4874801775121335,1.0042033394464942,0.007541889082428233,0.025916702724818233,0.2910049616460663,0.9897921191538334,-0.01844839198352172,0.026945214373801936,-0.6846630250401187,ee_macd_peak,2022-09-24-09:00,2022-09-26-21:00
15m,15,3,15,0.9884332033746296,-0.020816115283915023,0.042701459965306804,-0.4874801775121335,1.0008612422728569,0.0015478726110055364,0.03093744212111173,0.05003233961443978,0.9881770229583916,-0.021384728329538538,0.0317678850648852,-0.6731555558659541,ee_macd_peak,2022-09-24-09:00,2022-09-26-21:00
15m,15,3,18,0.9884332033746296,-0.020816115283915023,0.042701459965306804,-0.4874801775121335,1.0008612422728569,0.0015478726110055364,0.03093744212111173,0.05003233961443978,0.9881770229583916,-0.021384728329538538,0.0317678850648852,-0.6731555558659541,ee_macd_peak,2022-09-24-09:00,2022-09-26-21:00
15m,15,8,3,0.9884332033746296,-0.020816115283915023,0.042701459965306804,-0.4874801775121335,0.9939657725332599,-0.010882586459126478,0.028914472261147683,-0.37637160937394615,0.9797014705252254,-0.03687286752507646,0.029818258059172747,-1.2365869076558467,ee_macd_peak,2022-09-24-09:00,2022-09-26-21:00
15m,15,8,6,0.9884332033746296,-0.020816115283915023,0.042701459965306804,-0.4874801775121335,1.001751749951791,0.0031469426648790396,0.03258252562370283,0.0965837547777368,0.987375712171364,-0.022843338401070914,0.033456141041600385,-0.6827846156156148,ee_macd_peak,2022-09-24-09:00,2022-09-26-21:00
15m,15,8,9,0.9884332033746296,-0.020816115283915023,0.042701459965306804,-0.4874801775121335,1.0108906265146496,0.01947580794279547,0.031372143523366654,0.6207994021284987,0.998079301759451,-0.003456792997748603,0.03211779209404357,-0.10762859998678692,ee_macd_peak,2022-09-24-09:00,2022-09-26-21:00
15m,15,8,12,0.9884332033746296,-0.020816115283915023,0.042701459965306804,-0.4874801775121335,1.0088760805974921,0.015889042906324147,0.030830352526583782,0.5153701337869445,0.9960902867961892,-0.007043558034219941,0.03179650040823231,-0.22151991394613732,ee_macd_peak,2022-09-24-09:00,2022-09-26-21:00
15m,15,8,15,0.9884332033746296,-0.020816115283915023,0.042701459965306804,-0.4874801775121335,1.0083102321565103,0.014880298952706142,0.030185177964461945,0.49296707709410337,0.9963784564844447,-0.006523461925135006,0.03112121017404374,-0.2096146611475867,ee_macd_peak,2022-09-24-09:00,2022-09-26-21:00
15m,15,8,18,0.9884332033746296,-0.020816115283915023,0.042701459965306804,-0.4874801775121335,1.0055099001209182,0.00987976992522253,0.03053200439945776,0.3235873346526176,0.993611262001751,-0.011523990952618628,0.03166050564827113,-0.3639863203905561,ee_macd_peak,2022-09-24-09:00,2022-09-26-21:00
15m,15,13,3,0.9884332033746296,-0.020816115283915023,0.042701459965306804,-0.4874801775121335,1.0014830115022313,0.00266452324253968,0.025806917414396092,0.1032484120344147,0.9887909123169756,-0.020268077698004393,0.026753673836925326,-0.7575811016291326,ee_macd_peak,2022-09-24-09:00,2022-09-26-21:00
15m,15,13,6,0.9884332033746296,-0.020816115283915023,0.042701459965306804,-0.4874801775121335,1.009080567708101,0.016253445055791654,0.031039854916408822,0.5236314763571746,0.9945993548072357,-0.009736836010158303,0.031937154214707414,-0.30487487847850836,ee_macd_peak,2022-09-24-09:00,2022-09-26-21:00
15m,15,13,9,0.9884332033746296,-0.020816115283915023,0.042701459965306804,-0.4874801775121335,1.0083102321565103,0.014880298952706142,0.030185177964461945,0.49296707709410337,0.9963784564844447,-0.006523461925135006,0.03112121017404374,-0.2096146611475867,ee_macd_peak,2022-09-24-09:00,2022-09-26-21:00
15m,15,13,12,0.9884332033746296,-0.020816115283915023,0.042701459965306804,-0.4874801775121335,1.009133030826418,0.01634692399920745,0.02973736999283991,0.5497098096820069,0.9971915186180766,-0.005056836878633708,0.030907243935636694,-0.16361332279139487,ee_macd_peak,2022-09-24-09:00,2022-09-26-21:00
15m,15,13,15,0.9884332033746296,-0.020816115283915023,0.042701459965306804,-0.4874801775121335,1.004248476059415,0.007622704527943096,0.030930264530003047,0.24644808713319932,0.9940537891788985,-0.010723376224492176,0.032036993909778516,-0.3347185523926178,ee_macd_peak,2022-09-24-09:00,2022-09-26-21:00
15m,15,13,18,0.9884332033746296,-0.020816115283915023,0.042701459965306804,-0.4874801775121335,1.0059670508207759,0.010697050465230493,0.031195708514297312,0.34290134684159923,0.9957549177284996,-0.007649030287204773,0.0321937314154198,-0.2375937783819966,ee_macd_peak,2022-09-24-09:00,2022-09-26-21:00
15m,20,3,3,0.9884332033746296,-0.020816115283915023,0.042701459965306804,-0.4874801775121335,0.9981928113779133,-0.003252318219149129,0.03130805087160115,-0.10388121037899667,0.9821961305224646,-0.03230027941050495,0.031893837756158686,-1.0127435794166157,ee_macd_peak,2022-09-24-09:00,2022-09-26-21:00
15m,20,3,6,0.9884332033746296,-0.020816115283915023,0.042701459965306804,-0.4874801775121335,0.9938828889383433,-0.011032524587110085,0.026284898813002437,-0.41972863070915034,0.9796197763843746,-0.03702280565306005,0.027164608439266838,-1.362905919878567,ee_macd_peak,2022-09-24-09:00,2022-09-26-21:00
15m,20,3,9,0.9884332033746296,-0.020816115283915023,0.042701459965306804,-0.4874801775121335,1.0042033394464942,0.007541889082428233,0.025916702724818233,0.2910049616460663,0.9897921191538334,-0.01844839198352172,0.026945214373801936,-0.6846630250401187,ee_macd_peak,2022-09-24-09:00,2022-09-26-21:00
15m,20,3,12,0.9884332033746296,-0.020816115283915023,0.042701459965306804,-0.4874801775121335,1.0008612422728569,0.0015478726110055364,0.03093744212111173,0.05003233961443978,0.9881770229583916,-0.021384728329538538,0.0317678850648852,-0.6731555558659541,ee_macd_peak,2022-09-24-09:00,2022-09-26-21:00
15m,20,3,15,0.9884332033746296,-0.020816115283915023,0.042701459965306804,-0.4874801775121335,1.016300763536133,0.029072937658931416,0.029070547522812903,1.0000822184761617,1.001715934337107,0.0030826565929814673,0.030027626587810934,0.10266068095547735,ee_macd_peak,2022-09-24-09:00,2022-09-26-21:00
15m,20,3,18,0.9884332033746296,-0.020816115283915023,0.042701459965306804,-0.4874801775121335,1.0165673070085426,0.02954444198448523,0.029071375843617662,1.016272574900215,1.001978652671173,0.0035541609185352806,0.030056236701326993,0.11825036360518026,ee_macd_peak,2022-09-24-09:00,2022-09-26-21:00
15m,20,8,3,0.9884332033746296,-0.020816115283915023,0.042701459965306804,-0.4874801775121335,1.0042033394464942,0.007541889082428233,0.025916702724818233,0.2910049616460663,0.9897921191538334,-0.01844839198352172,0.026945214373801936,-0.6846630250401187,ee_macd_peak,2022-09-24-09:00,2022-09-26-21:00
15m,20,8,6,0.9884332033746296,-0.020816115283915023,0.042701459965306804,-0.4874801775121335,1.007698103647044,0.013788413401674023,0.030687799566462882,0.44931254754227057,0.9932367303477294,-0.012201867664275938,0.03148734472197824,-0.38751656489341907,ee_macd_peak,2022-09-24-09:00,2022-09-26-21:00
15m,20,8,9,0.9884332033746296,-0.020816115283915023,0.042701459965306804,-0.4874801775121335,1.0055914913160744,0.010025663494943311,0.030975799583011228,0.3236611687157841,0.9928473241149872,-0.012906937445600779,0.03185004390252199,-0.4052408054790394,ee_macd_peak,2022-09-24-09:00,2022-09-26-21:00
15m,20,8,12,0.9884332033746296,-0.020816115283915023,0.042701459965306804,-0.4874801775121335,1.0087851298792205,0.015726942273262004,0.03005724453751216,0.5232330014028532,0.996847734534842,-0.0056768186045791525,0.030948843011602768,-0.18342587483644882,ee_macd_peak,2022-09-24-09:00,2022-09-26-21:00
15m,20,8,15,0.9884332033746296,-0.020816115283915023,0.042701459965306804,-0.4874801775121335,1.0081866543213482,0.014659920134433322,0.02969166767279474,0.4937385227393477,0.9979519887948918,-0.0036861606180019417,0.03079212026947011,-0.11971116590034596,ee_macd_peak,2022-09-24-09:00,2022-09-26-21:00
15m,20,8,18,0.9884332033746296,-0.020816115283915023,0.042701459965306804,-0.4874801775121335,1.0042768520550969,0.0076735088451448975,0.03143194550750476,0.24413089044433323,0.9940818771140079,-0.010672571907290387,0.03247411953712081,-0.3286485379562235,ee_macd_peak,2022-09-24-09:00,2022-09-26-21:00
15m,20,13,3,0.9884332033746296,-0.020816115283915023,0.042701459965306804,-0.4874801775121335,1.0008612422728569,0.0015478726110055364,0.03093744212111173,0.05003233961443978,0.9881770229583916,-0.021384728329538538,0.0317678850648852,-0.6731555558659541,ee_macd_peak,2022-09-24-09:00,2022-09-26-21:00
15m,20,13,6,0.9884332033746296,-0.020816115283915023,0.042701459965306804,-0.4874801775121335,1.0055914913160744,0.010025663494943311,0.030975799583011228,0.3236611687157841,0.9928473241149872,-0.012906937445600779,0.03185004390252199,-0.4052408054790394,ee_macd_peak,2022-09-24-09:00,2022-09-26-21:00
15m,20,13,9,0.9884332033746296,-0.020816115283915023,0.042701459965306804,-0.4874801775121335,1.009133030826418,0.01634692399920745,0.02973736999283991,0.5497098096820069,0.9971915186180766,-0.005056836878633708,0.030907243935636694,-0.16361332279139487,ee_macd_peak,2022-09-24-09:00,2022-09-26-21:00
15m,20,13,12,0.9884332033746296,-0.020816115283915023,0.042701459965306804,-0.4874801775121335,1.004248476059415,0.007622704527943096,0.030930264530003047,0.24644808713319932,0.9940537891788985,-0.010723376224492176,0.032036993909778516,-0.3347185523926178,ee_macd_peak,2022-09-24-09:00,2022-09-26-21:00
15m,20,13,15,0.9884332033746296,-0.020816115283915023,0.042701459965306804,-0.4874801775121335,1.0064452394868255,0.011551544721239277,0.03127701893714424,0.3693301060581829,0.9979238520215671,-0.003736855905790106,0.03219652355421638,-0.11606395639260675,ee_macd_peak,2022-09-24-09:00,2022-09-26-21:00
15m,20,13,18,0.9884332033746296,-0.020816115283915023,0.042701459965306804,-0.4874801775121335,1.0143145895590837,0.025555579584389428,0.032666440840742134,0.7823190689484628,1.0040177159412416,0.007209498831954149,0.03367151806112679,0.2141126758486543,ee_macd_peak,2022-09-24-09:00,2022-09-26-21:00
15m,25,3,3,0.9884332033746296,-0.020816115283915023,0.042701459965306804,-0.4874801775121335,0.9964194499381832,-0.00644948810046971,0.030559484338723075,-0.2110470199360439,0.9804511883386833,-0.03549744929182554,0.031151139908633694,-1.1395232853738122,ee_macd_peak,2022-09-24-09:00,2022-09-26-21:00
15m,25,3,6,0.9884332033746296,-0.020816115283915023,0.042701459965306804,-0.4874801775121335,0.9977797759500641,-0.003996466633342821,0.02597161268084339,-0.1538782624881283,0.9817897142526036,-0.03304442782469866,0.02703610470580836,-1.2222333129816398,ee_macd_peak,2022-09-24-09:00,2022-09-26-21:00
15m,25,3,9,0.9884332033746296,-0.020816115283915023,0.042701459965306804,-0.4874801775121335,0.999650164755055,-0.0006291241616890564,0.02678690855947908,-0.02348625487305172,0.9869812937947811,-0.023561725102233123,0.027644709614901296,-0.8523050316120041,ee_macd_peak,2022-09-24-09:00,2022-09-26-21:00
15m,25,3,12,0.9884332033746296,-0.020816115283915023,0.042701459965306804,-0.4874801775121335,1.0008612422728569,0.0015478726110055364,0.03093744212111173,0.05003233961443978,0.9881770229583916,-0.021384728329538538,0.0317678850648852,-0.6731555558659541,ee_macd_peak,2022-09-24-09:00,2022-09-26-21:00
15m,25,3,15,0.9884332033746296,-0.020816115283915023,0.042701459965306804,-0.4874801775121335,1.0165673070085426,0.02954444198448523,0.029071375843617662,1.016272574900215,1.001978652671173,0.0035541609185352806,0.030056236701326993,0.11825036360518026,ee_macd_peak,2022-09-24-09:00,2022-09-26-21:00
15m,25,3,18,0.9884332033746296,-0.020816115283915023,0.042701459965306804,-0.4874801775121335,1.0124040480406988,0.022165655523802636,0.02960787965257095,0.748640422208617,0.9978751402105995,-0.0038246255421473256,0.030481808811712325,-0.125472394560711,ee_macd_peak,2022-09-24-09:00,2022-09-26-21:00
15m,25,8,3,0.9884332033746296,-0.020816115283915023,0.042701459965306804,-0.4874801775121335,0.999650164755055,-0.0006291241616890564,0.02678690855947908,-0.02348625487305172,0.9869812937947811,-0.023561725102233123,0.027644709614901296,-0.8523050316120041,ee_macd_peak,2022-09-24-09:00,2022-09-26-21:00
15m,25,8,6,0.9884332033746296,-0.020816115283915023,0.042701459965306804,-0.4874801775121335,1.0079623909144786,0.014259917727227843,0.03068923079450682,0.4646554298708679,0.9934972248553893,-0.011730363338722124,0.03151525929057592,-0.3722121792039287,ee_macd_peak,2022-09-24-09:00,2022-09-26-21:00
15m,25,8,9,0.9884332033746296,-0.020816115283915023,0.042701459965306804,-0.4874801775121335,1.0085231269591828,0.015259895162134208,0.030721702296315365,0.49671385442610766,0.9965888320098688,-0.006143865715706947,0.03159368417403605,-0.1944649975565694,ee_macd_peak,2022-09-24-09:00,2022-09-26-21:00
15m,25,8,12,0.9884332033746296,-0.020816115283915023,0.042701459965306804,-0.4874801775121335,1.0045953064229467,0.008243570377650198,0.03099536974076631,0.26596134992408027,0.9943970986737993,-0.010102510374785061,0.031992697209269415,-0.3157755130398323,ee_macd_peak,2022-09-24-09:00,2022-09-26-21:00
15m,25,8,15,0.9884332033746296,-0.020816115283915023,0.042701459965306804,-0.4874801775121335,1.0106093565242305,0.018975454973535942,0.031077816361450676,0.6105787727439351,0.9986503743086598,-0.002428305904305203,0.03218313615628767,-0.07545274309230988,ee_macd_peak,2022-09-24-09:00,2022-09-26-21:00
15m,25,8,18,0.9884332033746296,-0.020816115283915023,0.042701459965306804,-0.4874801775121335,1.0105267750480562,0.018828523816592682,0.032974309549414604,0.5710058549786055,1.000268353649781,0.0004824430641574154,0.033946138659421254,0.014212015952616171,ee_macd_peak,2022-09-24-09:00,2022-09-26-21:00
15m,25,13,3,0.9884332033746296,-0.020816115283915023,0.042701459965306804,-0.4874801775121335,1.016300763536133,0.029072937658931416,0.029070547522812903,1.0000822184761617,1.001715934337107,0.0030826565929814673,0.030027626587810934,0.10266068095547735,ee_macd_peak,2022-09-24-09:00,2022-09-26-21:00
15m,25,13,6,0.9884332033746296,-0.020816115283915023,0.042701459965306804,-0.4874801775121335,1.0090568078835487,0.016211108129351698,0.030712128848829113,0.5278405873179886,0.9971161976546045,-0.005192652748489458,0.03158614977328585,-0.16439650877870435,ee_macd_peak,2022-09-24-09:00,2022-09-26-21:00
15m,25,13,9,0.9884332033746296,-0.020816115283915023,0.042701459965306804,-0.4874801775121335,1.0088828509370935,0.015901109036248535,0.03081363091449879,0.5160413935109011,0.9969442992167269,-0.005502651841592606,0.03202772660494919,-0.17180900503697602,ee_macd_peak,2022-09-24-09:00,2022-09-26-21:00
15m,25,13,12,0.9884332033746296,-0.020816115283915023,0.042701459965306804,-0.4874801775121335,1.0105267750480562,0.018828523816592682,0.032974309549414604,0.5710058549786055,1.000268353649781,0.0004824430641574154,0.033946138659421254,0.014212015952616171,ee_macd_peak,2022-09-24-09:00,2022-09-26-21:00
15m,25,13,15,0.9884332033746296,-0.020816115283915023,0.042701459965306804,-0.4874801775121335,1.0143145895590837,0.025555579584389428,0.032666440840742134,0.7823190689484628,1.0040177159412416,0.007209498831954149,0.03367151806112679,0.2141126758486543,ee_macd_peak,2022-09-24-09:00,2022-09-26-21:00
15m,25,13,18,0.9884332033746296,-0.020816115283915023,0.042701459965306804,-0.4874801775121335,1.00528781391569,0.009482596644229622,0.03128391458718042,0.30311413291338607,0.9933918038396548,-0.011921164233611536,0.03245416017599097,-0.36732314652315695,ee_macd_peak,2022-09-24-09:00,2022-09-26-21:00
15m,30,3,3,0.9884332033746296,-0.020816115283915023,0.042701459965306804,-0.4874801775121335,1.0066783763127345,0.011967998934296101,0.03261787300913472,0.36691536970986527,0.9905457088296591,-0.01707996225705971,0.03320350354385244,-0.5144024104113565,ee_macd_peak,2022-09-24-09:00,2022-09-26-21:00
15m,30,3,6,0.9884332033746296,-0.020816115283915023,0.042701459965306804,-0.4874801775121335,0.9897103313808888,-0.01859697157550036,0.02978342528616934,-0.6244067429053003,0.9755070987773068,-0.044587252641450324,0.030582864484786906,-1.4579161694820881,ee_macd_peak,2022-09-24-09:00,2022-09-26-21:00
15m,30,3,9,0.9884332033746296,-0.020816115283915023,0.042701459965306804,-0.4874801775121335,0.9977579313806844,-0.004035831643840136,0.026280125872337936,-0.15356972274201286,0.9851130412702035,-0.02696843258438421,0.027146018415750397,-0.993458126026204,ee_macd_peak,2022-09-24-09:00,2022-09-26-21:00
15m,30,3,12,0.9884332033746296,-0.020816115283915023,0.042701459965306804,-0.4874801775121335,1.016300763536133,0.029072937658931416,0.029070547522812903,1.0000822184761617,1.001715934337107,0.0030826565929814673,0.030027626587810934,0.10266068095547735,ee_macd_peak,2022-09-24-09:00,2022-09-26-21:00
15m,30,3,15,0.9884332033746296,-0.020816115283915023,0.042701459965306804,-0.4874801775121335,1.0165673070085426,0.02954444198448523,0.029071375843617662,1.016272574900215,1.001978652671173,0.0035541609185352806,0.030056236701326993,0.11825036360518026,ee_macd_peak,2022-09-24-09:00,2022-09-26-21:00
15m,30,3,18,0.9884332033746296,-0.020816115283915023,0.042701459965306804,-0.4874801775121335,1.0158805004444806,0.028329258456169463,0.03058902615792831,0.9261248890339995,0.9996003630124636,-0.0007187027351863766,0.03153222252922574,-0.022792644397972416,ee_macd_peak,2022-09-24-09:00,2022-09-26-21:00
15m,30,8,3,0.9884332033746296,-0.020816115283915023,0.042701459965306804,-0.4874801775121335,0.999650164755055,-0.0006291241616890564,0.02678690855947908,-0.02348625487305172,0.9869812937947811,-0.023561725102233123,0.027644709614901296,-0.8523050316120041,ee_macd_peak,2022-09-24-09:00,2022-09-26-21:00
15m,30,8,6,0.9884332033746296,-0.020816115283915023,0.042701459965306804,-0.4874801775121335,1.00624059363141,0.011185904647764885,0.030553279011738904,0.3661114292664672,0.9918001369105304,-0.014804376418185083,0.03137587599830575,-0.4718394609598947,ee_macd_peak,2022-09-24-09:00,2022-09-26-21:00
15m,30,8,9,0.9884332033746296,-0.020816115283915023,0.042701459965306804,-0.4874801775121335,1.008338722920973,0.014931103269907937,0.030699004427951246,0.4863709279221206,0.9964066101052395,-0.006472657607933205,0.03157099948803753,-0.20501909071284677,ee_macd_peak,2022-09-24-09:00,2022-09-26-21:00
15m,30,8,12,0.9884332033746296,-0.020816115283915023,0.042701459965306804,-0.4874801775121335,1.008215141594002,0.014710724451635116,0.030213889106924678,0.4868861601886129,0.9979801868773382,-0.0036353563008001406,0.031246634425304263,-0.11634393167976334,ee_macd_peak,2022-09-24-09:00,2022-09-26-21:00
15m,30,8,15,0.9884332033746296,-0.020816115283915023,0.042701459965306804,-0.4874801775121335,1.0105267750480562,0.018828523816592682,0.032974309549414604,0.5710058549786055,1.000268353649781,0.0004824430641574154,0.033946138659421254,0.014212015952616171,ee_macd_peak,2022-09-24-09:00,2022-09-26-21:00
15m,30,8,18,0.9884332033746296,-0.020816115283915023,0.042701459965306804,-0.4874801775121335,1.0105267750480562,0.018828523816592682,0.032974309549414604,0.5710058549786055,1.000268353649781,0.0004824430641574154,0.033946138659421254,0.014212015952616171,ee_macd_peak,2022-09-24-09:00,2022-09-26-21:00
15m,30,13,3,0.9884332033746296,-0.020816115283915023,0.042701459965306804,-0.4874801775121335,1.0165673070085426,0.02954444198448523,0.029071375843617662,1.016272574900215,1.001978652671173,0.0035541609185352806,0.030056236701326993,0.11825036360518026,ee_macd_peak,2022-09-24-09:00,2022-09-26-21:00
15m,30,13,6,0.9884332033746296,-0.020816115283915023,0.042701459965306804,-0.4874801775121335,1.0073930913269473,0.013244099405133812,0.030654521290237362,0.4320439154713436,0.9971664817014364,-0.005101981347301452,0.03145847481851358,-0.162181459105541,ee_macd_peak,2022-09-24-09:00,2022-09-26-21:00
15m,30,13,9,0.9884332033746296,-0.020816115283915023,0.042701459965306804,-0.4874801775121335,1.0105267750480562,0.018828523816592682,0.032974309549414604,0.5710058549786055,1.000268353649781,0.0004824430641574154,0.033946138659421254,0.014212015952616171,ee_macd_peak,2022-09-24-09:00,2022-09-26-21:00
15m,30,13,12,0.9884332033746296,-0.020816115283915023,0.042701459965306804,-0.4874801775121335,1.0138566274690102,0.02474358759785635,0.033258846645139166,0.743970104010587,1.0035644028799917,0.006397506845421082,0.03424534451167747,0.18681391402675387,ee_macd_peak,2022-09-24-09:00,2022-09-26-21:00
15m,30,13,15,0.9884332033746296,-0.020816115283915023,0.042701459965306804,-0.4874801775121335,1.0156475434174945,0.027916895335658453,0.0326133759699884,0.8559952628439398,1.0053371382409428,0.009570814583223173,0.0336235871577989,0.2846458510897832,ee_macd_peak,2022-09-24-09:00,2022-09-26-21:00
15m,30,13,18,0.9884332033746296,-0.020816115283915023,0.042701459965306804,-0.4874801775121335,1.0039742277266623,0.007131616950567272,0.03234605041611268,0.22047875579315762,0.9937823248940648,-0.011214463801868009,0.03335135885834088,-0.3362520804474919,ee_macd_peak,2022-09-24-09:00,2022-09-26-21:00
15m,35,3,3,0.9884332033746296,-0.020816115283915023,0.042701459965306804,-0.4874801775121335,1.0066783763127345,0.011967998934296101,0.03261787300913472,0.36691536970986527,0.9905457088296591,-0.01707996225705971,0.03320350354385244,-0.5144024104113565,ee_macd_peak,2022-09-24-09:00,2022-09-26-21:00
15m,35,3,6,0.9884332033746296,-0.020816115283915023,0.042701459965306804,-0.4874801775121335,0.9870292641453774,-0.023474337415388912,0.029676116678771687,-0.7910178299096959,0.9745203417019584,-0.046406938355933,0.030409935358743867,-1.526045281204107,ee_macd_peak,2022-09-24-09:00,2022-09-26-21:00
15m,35,3,9,0.9884332033746296,-0.020816115283915023,0.042701459965306804,-0.4874801775121335,0.9977579313806844,-0.004035831643840136,0.026280125872337936,-0.15356972274201286,0.9851130412702035,-0.02696843258438421,0.027146018415750397,-0.993458126026204,ee_macd_peak,2022-09-24-09:00,2022-09-26-21:00
15m,35,3,12,0.9884332033746296,-0.020816115283915023,0.042701459965306804,-0.4874801775121335,1.0165673070085426,0.02954444198448523,0.029071375843617662,1.016272574900215,1.001978652671173,0.0035541609185352806,0.030056236701326993,0.11825036360518026,ee_macd_peak,2022-09-24-09:00,2022-09-26-21:00
15m,35,3,15,0.9884332033746296,-0.020816115283915023,0.042701459965306804,-0.4874801775121335,1.0124040480406988,0.022165655523802636,0.02960787965257095,0.748640422208617,0.9978751402105995,-0.0038246255421473256,0.030481808811712325,-0.125472394560711,ee_macd_peak,2022-09-24-09:00,2022-09-26-21:00
15m,35,3,18,0.9884332033746296,-0.020816115283915023,0.042701459965306804,-0.4874801775121335,1.009632916625434,0.01723737834938655,0.03173583816153826,0.5431518229216682,0.9934529007364014,-0.011810582841969312,0.03282682315987001,-0.35978452086120416,ee_macd_peak,2022-09-24-09:00,2022-09-26-21:00
15m,35,8,3,0.9884332033746296,-0.020816115283915023,0.042701459965306804,-0.4874801775121335,0.999650164755055,-0.0006291241616890564,0.02678690855947908,-0.02348625487305172,0.9869812937947811,-0.023561725102233123,0.027644709614901296,-0.8523050316120041,ee_macd_peak,2022-09-24-09:00,2022-09-26-21:00
15m,35,8,6,0.9884332033746296,-0.020816115283915023,0.042701459965306804,-0.4874801775121335,1.00624059363141,0.011185904647764885,0.030553279011738904,0.3661114292664672,0.9918001369105304,-0.014804376418185083,0.03137587599830575,-0.4718394609598947,ee_macd_peak,2022-09-24-09:00,2022-09-26-21:00
15m,35,8,9,0.9884332033746296,-0.020816115283915023,0.042701459965306804,-0.4874801775121335,1.008338722920973,0.014931103269907937,0.030699004427951246,0.4863709279221206,0.9964066101052395,-0.006472657607933205,0.03157099948803753,-0.20501909071284677,ee_macd_peak,2022-09-24-09:00,2022-09-26-21:00
15m,35,8,12,0.9884332033746296,-0.020816115283915023,0.042701459965306804,-0.4874801775121335,1.0113533755065327,0.020298692202466592,0.031184043309672903,0.6509320167654523,0.9993855889891614,-0.0011050686753745493,0.03227494268276115,-0.03423921418657682,ee_macd_peak,2022-09-24-09:00,2022-09-26-21:00
15m,35,8,15,0.9884332033746296,-0.020816115283915023,0.042701459965306804,-0.4874801775121335,1.0105267750480562,0.018828523816592682,0.032974309549414604,0.5710058549786055,1.000268353649781,0.0004824430641574154,0.033946138659421254,0.014212015952616171,ee_macd_peak,2022-09-24-09:00,2022-09-26-21:00
15m,35,8,18,0.9884332033746296,-0.020816115283915023,0.042701459965306804,-0.4874801775121335,1.0092893806528507,0.016625479774318153,0.03274808197228509,0.5076779699155634,1.0007439123653767,0.0013370791472887581,0.03364787199578408,0.039737405903597346,ee_macd_peak,2022-09-24-09:00,2022-09-26-21:00
15m,35,13,3,0.9884332033746296,-0.020816115283915023,0.042701459965306804,-0.4874801775121335,1.0165673070085426,0.02954444198448523,0.029071375843617662,1.016272574900215,1.001978652671173,0.0035541609185352806,0.030056236701326993,0.11825036360518026,ee_macd_peak,2022-09-24-09:00,2022-09-26-21:00
15m,35,13,6,0.9884332033746296,-0.020816115283915023,0.042701459965306804,-0.4874801775121335,1.0065139777780117,0.011674342518844041,0.03146496373661315,0.37102672726934,0.9929134997552461,-0.012787098484402997,0.03263408451194454,-0.39183260923782726,ee_macd_peak,2022-09-24-09:00,2022-09-26-21:00
15m,35,13,9,0.9884332033746296,-0.020816115283915023,0.042701459965306804,-0.4874801775121335,1.0105267750480562,0.018828523816592682,0.032974309549414604,0.5710058549786055,1.000268353649781,0.0004824430641574154,0.033946138659421254,0.014212015952616171,ee_macd_peak,2022-09-24-09:00,2022-09-26-21:00
15m,35,13,12,0.9884332033746296,-0.020816115283915023,0.042701459965306804,-0.4874801775121335,1.0130725569686698,0.023352535542114892,0.03243932408808929,0.7198835425393224,1.0044950572203954,0.008064134915085504,0.03337032259608969,0.24165588725925152,ee_macd_peak,2022-09-24-09:00,2022-09-26-21:00
15m,35,13,15,0.9884332033746296,-0.020816115283915023,0.042701459965306804,-0.4874801775121335,1.0035425377273834,0.006358331861909579,0.03257935460588713,0.19516445119390488,0.9933550172209501,-0.011987748890525687,0.03352174107576067,-0.35761116534588183,ee_macd_peak,2022-09-24-09:00,2022-09-26-21:00
15m,35,13,18,0.9884332033746296,-0.020816115283915023,0.042701459965306804,-0.4874801775121335,1.0039742277266623,0.007131616950567272,0.03234605041611268,0.22047875579315762,0.9937823248940648,-0.011214463801868009,0.03335135885834088,-0.3362520804474919,ee_macd_peak,2022-09-24-09:00,2022-09-26-21:00
