macd_slow_opt,macd_fast_opt,macd_signal_opt,sma_slow,sma_fast,sl_opt,tp_opt,multiple_hold,ann_log_mean_hold,ann_log_std_hold,sharpe_ratio_hold,multiple_macd_strategy,ann_log_mean_macd,ann_log_std_macd,sharpe_ratio_macd,multiple_macd_strategy_net,ann_log_mean_macd_net,ann_log_std_macd_net,sharpe_ratio_macd_net,success_trades_net,failure_trades_net,success_trades_net_pct,failure_trades_net_pct,total_trades,start_opt,end_opt
25,10,25,100,20,0.005,0.02,0.9956635923296686,-0.017698527887792487,0.6683015112411977,-0.026482848819123626,0.9892782682799103,-0.04390028045106259,0.14748657747362673,-0.2976561067661412,0.9545725292296424,-0.18933838783856877,0.14916306279193178,-1.2693382952499288,15,27,35.7,64.3,42,2022-01-01-00:00,2022-04-01-00:00
25,10,25,100,20,0.005,0.027777777777777776,0.9956635923296686,-0.017698527887792487,0.6683015112411977,-0.026482848819123626,0.9854038741388235,-0.059881166296876384,0.16059450933501274,-0.37287181576027345,0.9508340561093138,-0.20531927368438288,0.16352537231682052,-1.2555805302591772,18,24,42.9,57.1,42,2022-01-01-00:00,2022-04-01-00:00
25,10,25,100,20,0.005,0.035555555555555556,0.9956635923296686,-0.017698527887792487,0.6683015112411977,-0.026482848819123626,0.9566547800566119,-0.1804644871478004,0.1735148261264211,-1.0400522605273848,0.9230935342247749,-0.32590259453530673,0.17646739966958178,-1.8468147382775968,17,25,40.5,59.5,42,2022-01-01-00:00,2022-04-01-00:00
25,10,25,100,20,0.005,0.043333333333333335,0.9956635923296686,-0.017698527887792487,0.6683015112411977,-0.026482848819123626,0.9696415693074554,-0.12555100766458116,0.17420054719832223,-0.72072682711866,0.9372171741191285,-0.2640634908907777,0.1774314416215528,-1.4882564695269973,18,22,45.0,55.0,40,2022-01-01-00:00,2022-04-01-00:00
25,10,25,100,20,0.005,0.05111111111111111,0.9956635923296686,-0.017698527887792487,0.6683015112411977,-0.026482848819123626,1.0121567598865637,0.049210185542009774,0.18063316336283614,0.2724316212253989,0.9816437169722753,-0.07545104936156717,0.1834244388563228,-0.41134676399729003,17,19,47.2,52.8,36,2022-01-01-00:00,2022-04-01-00:00
25,10,25,100,20,0.005,0.05888888888888888,0.9956635923296686,-0.017698527887792487,0.6683015112411977,-0.026482848819123626,1.0222582910718694,0.08965332950386364,0.1819558721330803,0.49272017689152836,0.9914407217573505,-0.03500790539971333,0.1845408434565321,-0.1897027495052027,17,19,47.2,52.8,36,2022-01-01-00:00,2022-04-01-00:00
25,10,25,100,20,0.005,0.06666666666666667,0.9956635923296686,-0.017698527887792487,0.6683015112411977,-0.026482848819123626,1.06827283578206,0.26896243042360735,0.21375488946823842,1.2582749853942974,1.0395979039913543,0.15815244384265043,0.21551932147558403,0.7338202568560303,15,17,46.9,53.1,32,2022-01-01-00:00,2022-04-01-00:00
25,10,25,100,20,0.005,0.07444444444444444,0.9956635923296686,-0.017698527887792487,0.6683015112411977,-0.026482848819123626,0.9995967795938755,-0.0016424561036102816,0.2335701251241206,-0.007031961398048961,0.975249827901501,-0.10206400644260281,0.23509143100149896,-0.4341460086733321,14,15,48.3,51.7,29,2022-01-01-00:00,2022-04-01-00:00
25,10,25,100,20,0.005,0.08222222222222221,0.9956635923296686,-0.017698527887792487,0.6683015112411977,-0.026482848819123626,0.9995967795938755,-0.0016424561036102816,0.2335701251241206,-0.007031961398048961,0.975249827901501,-0.10206400644260281,0.23509143100149896,-0.4341460086733321,14,15,48.3,51.7,29,2022-01-01-00:00,2022-04-01-00:00
25,10,25,100,20,0.005,0.09,0.9956635923296686,-0.017698527887792487,0.6683015112411977,-0.026482848819123626,0.9995967795938755,-0.0016424561036102816,0.2335701251241206,-0.007031961398048961,0.975249827901501,-0.10206400644260281,0.23509143100149896,-0.4341460086733321,14,15,48.3,51.7,29,2022-01-01-00:00,2022-04-01-00:00
25,10,25,100,20,0.006666666666666666,0.02,0.9956635923296686,-0.017698527887792487,0.6683015112411977,-0.026482848819123626,0.9850447825030479,-0.06136550790851504,0.15519044098912757,-0.3954206684212865,0.9521053105197146,-0.19987799113471152,0.15654311594652998,-1.276823895615974,14,26,35.0,65.0,40,2022-01-01-00:00,2022-04-01-00:00
25,10,25,100,20,0.006666666666666666,0.027777777777777776,0.9956635923296686,-0.017698527887792487,0.6683015112411977,-0.026482848819123626,0.9811869683203168,-0.07734639375432904,0.16769709334012947,-0.46122680014168294,0.9483764999766617,-0.21585887698052572,0.17028398858204158,-1.2676404797537761,17,23,42.5,57.5,40,2022-01-01-00:00,2022-04-01-00:00
25,10,25,100,20,0.006666666666666666,0.035555555555555556,0.9956635923296686,-0.017698527887792487,0.6683015112411977,-0.026482848819123626,0.9525609021917126,-0.19792971460525283,0.18010728059366618,-1.0989545450513754,0.9207076771328148,-0.33644219783144946,0.18274720853500848,-1.8410250998006241,16,24,40.0,60.0,40,2022-01-01-00:00,2022-04-01-00:00
25,10,25,100,20,0.006666666666666666,0.043333333333333335,0.9956635923296686,-0.017698527887792487,0.6683015112411977,-0.026482848819123626,0.9654921161920493,-0.14301623512203368,0.1807686016719276,-0.7911563944140602,0.9347948126154735,-0.2746030941869204,0.18367869890075783,-1.49501872470955,17,21,44.7,55.3,38,2022-01-01-00:00,2022-04-01-00:00
25,10,25,100,20,0.006666666666666666,0.05111111111111111,0.9956635923296686,-0.017698527887792487,0.6683015112411977,-0.026482848819123626,0.9963032005058294,-0.015083203167138105,0.18643019687267895,-0.08090536522599427,0.9662680878459246,-0.13974443807071488,0.18900221626575633,-0.7393798910496372,16,20,44.4,55.6,36,2022-01-01-00:00,2022-04-01-00:00
25,10,25,100,20,0.006666666666666666,0.05888888888888888,0.9956635923296686,-0.017698527887792487,0.6683015112411977,-0.026482848819123626,1.0062465099306042,0.025359940794715728,0.18771364345308747,0.13509908138911367,0.9759116407120193,-0.09930129410886106,0.19008742678689647,-0.5223980133109273,16,20,44.4,55.6,36,2022-01-01-00:00,2022-04-01-00:00
25,10,25,100,20,0.006666666666666666,0.06666666666666667,0.9956635923296686,-0.017698527887792487,0.6683015112411977,-0.026482848819123626,1.053755321589217,0.2132385201649247,0.21543937016730152,0.9897843648509196,1.025470073702573,0.10242853358396743,0.21714723343694234,0.47170084537923335,14,18,43.8,56.2,32,2022-01-01-00:00,2022-04-01-00:00
25,10,25,100,20,0.006666666666666666,0.07444444444444444,0.9956635923296686,-0.017698527887792487,0.6683015112411977,-0.026482848819123626,0.986012552841306,-0.05736636636229319,0.2351053560950754,-0.2440028050194421,0.9619964690741537,-0.15778791670128567,0.23657770792020463,-0.6669602055427217,13,16,44.8,55.2,29,2022-01-01-00:00,2022-04-01-00:00
25,10,25,100,20,0.006666666666666666,0.08222222222222221,0.9956635923296686,-0.017698527887792487,0.6683015112411977,-0.026482848819123626,0.986012552841306,-0.05736636636229319,0.2351053560950754,-0.2440028050194421,0.9619964690741537,-0.15778791670128567,0.23657770792020463,-0.6669602055427217,13,16,44.8,55.2,29,2022-01-01-00:00,2022-04-01-00:00
25,10,25,100,20,0.006666666666666666,0.09,0.9956635923296686,-0.017698527887792487,0.6683015112411977,-0.026482848819123626,0.986012552841306,-0.05736636636229319,0.2351053560950754,-0.2440028050194421,0.9619964690741537,-0.15778791670128567,0.23657770792020463,-0.6669602055427217,13,16,44.8,55.2,29,2022-01-01-00:00,2022-04-01-00:00
25,10,25,100,20,0.008333333333333333,0.02,0.9956635923296686,-0.017698527887792487,0.6683015112411977,-0.026482848819123626,0.9839867321149015,-0.06574221433760079,0.16197314521618755,-0.40588342129094207,0.9527014021526156,-0.19732907340248768,0.16292938537826018,-1.2111324973353608,14,24,36.8,63.2,38,2022-01-01-00:00,2022-04-01-00:00
25,10,25,100,20,0.008333333333333333,0.027777777777777776,0.9956635923296686,-0.017698527887792487,0.6683015112411977,-0.026482848819123626,0.9801330616643803,-0.08172310018341493,0.17399289047331742,-0.4696921808764797,0.9489702570854919,-0.2133099592483017,0.17617287969836543,-1.2107990719883819,17,21,44.7,55.3,38,2022-01-01-00:00,2022-04-01-00:00
25,10,25,100,20,0.008333333333333333,0.035555555555555556,0.9956635923296686,-0.017698527887792487,0.6683015112411977,-0.026482848819123626,0.9515377431940719,-0.20230642103433863,0.18598312502666678,-1.0877676187306315,0.9212841114165256,-0.33389328009922525,0.1882468039744727,-1.7736995956887696,16,22,42.1,57.9,38,2022-01-01-00:00,2022-04-01-00:00
25,10,25,100,20,0.008333333333333333,0.043333333333333335,0.9956635923296686,-0.017698527887792487,0.6683015112411977,-0.026482848819123626,0.964455067596458,-0.14739294155111948,0.18662377265495989,-0.7897865285556493,0.9353800665365709,-0.2720541764546962,0.18915111790699893,-1.4382900797258769,17,19,47.2,52.8,36,2022-01-01-00:00,2022-04-01-00:00
25,10,25,100,20,0.008333333333333333,0.05111111111111111,0.9956635923296686,-0.017698527887792487,0.6683015112411977,-0.026482848819123626,0.9952330572933269,-0.01945990959622378,0.192113225395405,-0.10129396118446109,0.9668730464738623,-0.13719552033849064,0.1943245743908343,-0.7060122003023501,16,18,47.1,52.9,34,2022-01-01-00:00,2022-04-01-00:00
25,10,25,100,20,0.008333333333333333,0.05888888888888888,0.9956635923296686,-0.017698527887792487,0.6683015112411977,-0.026482848819123626,1.005165686470276,0.02098323436563007,0.19335905832363495,0.10851953121590692,0.9765226369506199,-0.0967523763766368,0.1953801646397408,-0.4952006082860938,16,18,47.1,52.9,34,2022-01-01-00:00,2022-04-01-00:00
25,10,25,100,20,0.008333333333333333,0.06666666666666667,0.9956635923296686,-0.017698527887792487,0.6683015112411977,-0.026482848819123626,1.032135625294458,0.12881426581289512,0.21959948767306026,0.5865872784032803,1.004430700426263,0.018004279231937814,0.22104119745105977,0.08145214303738153,14,18,43.8,56.2,32,2022-01-01-00:00,2022-04-01-00:00
25,10,25,100,20,0.008333333333333333,0.07444444444444444,0.9956635923296686,-0.017698527887792487,0.6683015112411977,-0.026482848819123626,0.9703881902165735,-0.12241638355839166,0.23872053852949793,-0.5128020584758569,0.946752665500645,-0.2228379338973838,0.24003553119563686,-0.9283539515479629,13,16,44.8,55.2,29,2022-01-01-00:00,2022-04-01-00:00
25,10,25,100,20,0.008333333333333333,0.08222222222222221,0.9956635923296686,-0.017698527887792487,0.6683015112411977,-0.026482848819123626,0.9703881902165735,-0.12241638355839166,0.23872053852949793,-0.5128020584758569,0.946752665500645,-0.2228379338973838,0.24003553119563686,-0.9283539515479629,13,16,44.8,55.2,29,2022-01-01-00:00,2022-04-01-00:00
25,10,25,100,20,0.008333333333333333,0.09,0.9956635923296686,-0.017698527887792487,0.6683015112411977,-0.026482848819123626,0.9703881902165735,-0.12241638355839166,0.23872053852949793,-0.5128020584758569,0.946752665500645,-0.2228379338973838,0.24003553119563686,-0.9283539515479629,13,16,44.8,55.2,29,2022-01-01-00:00,2022-04-01-00:00
25,10,25,100,20,0.009999999999999998,0.02,0.9956635923296686,-0.017698527887792487,0.6683015112411977,-0.026482848819123626,0.9869570292940228,-0.05346726549990961,0.17631933758309729,-0.3032410751583677,0.9555772603273257,-0.18505412456479609,0.1772715475189569,-1.043902008837639,17,21,44.7,55.3,38,2022-01-01-00:00,2022-04-01-00:00
25,10,25,100,20,0.009999999999999998,0.027777777777777776,0.9956635923296686,-0.017698527887792487,0.6683015112411977,-0.026482848819123626,0.9876859821528272,-0.050460465357441135,0.1917009555099973,-0.26322490267822163,0.9579106489696076,-0.1751217002610182,0.19388360667687476,-0.9032310841672909,19,17,52.8,47.2,36,2022-01-01-00:00,2022-04-01-00:00
25,10,25,100,20,0.009999999999999998,0.035555555555555556,0.9956635923296686,-0.017698527887792487,0.6683015112411977,-0.026482848819123626,0.9448918509362498,-0.23085023759337459,0.21472904491012026,-1.0750769076908167,0.9164066135307213,-0.35551147249695153,0.21673729367447125,-1.6402874949195974,19,17,52.8,47.2,36,2022-01-01-00:00,2022-04-01-00:00
25,10,25,100,20,0.009999999999999998,0.043333333333333335,0.9956635923296686,-0.017698527887792487,0.6683015112411977,-0.026482848819123626,0.9577189559575849,-0.17593675811015538,0.21528499827628222,-0.8172272082069092,0.9304279413013482,-0.29367236885242237,0.21752389759971355,-1.3500694502671926,20,14,58.8,41.2,34,2022-01-01-00:00,2022-04-01-00:00
25,10,25,100,20,0.009999999999999998,0.05111111111111111,0.9956635923296686,-0.017698527887792487,0.6683015112411977,-0.026482848819123626,0.9882819807674582,-0.048003726155259774,0.22006254438959902,-0.2181367405725979,0.9617541898892563,-0.15881371273621706,0.2220387505815129,-0.71525223556829,19,13,59.4,40.6,32,2022-01-01-00:00,2022-04-01-00:00
25,10,25,100,20,0.009999999999999998,0.05888888888888888,0.9956635923296686,-0.017698527887792487,0.6683015112411977,-0.026482848819123626,0.9981452367810001,-0.00756058219340594,0.22115157967290336,-0.034187330719448177,0.9713526931318307,-0.1183705687743632,0.2229636180831636,-0.5308963399141288,19,13,59.4,40.6,32,2022-01-01-00:00,2022-04-01-00:00
25,10,25,100,20,0.009999999999999998,0.06666666666666667,0.9956635923296686,-0.017698527887792487,0.6683015112411977,-0.026482848819123626,1.0249268075568227,0.10027044925385928,0.24442776803818259,0.4102252786524476,0.9991130046611277,-0.003613913165788602,0.24576237280755753,-0.014704908340946279,17,13,56.7,43.3,30,2022-01-01-00:00,2022-04-01-00:00
25,10,25,100,20,0.009999999999999998,0.07444444444444444,0.9956635923296686,-0.017698527887792487,0.6683015112411977,-0.026482848819123626,0.9636106394503849,-0.15096020011742756,0.2617381445699695,-0.5767604120731127,0.9417403310132317,-0.24445612629511027,0.2629749035279129,-0.929579678576298,16,11,59.3,40.7,27,2022-01-01-00:00,2022-04-01-00:00
25,10,25,100,20,0.009999999999999998,0.08222222222222221,0.9956635923296686,-0.017698527887792487,0.6683015112411977,-0.026482848819123626,0.9636106394503849,-0.15096020011742756,0.2617381445699695,-0.5767604120731127,0.9417403310132317,-0.24445612629511027,0.2629749035279129,-0.929579678576298,16,11,59.3,40.7,27,2022-01-01-00:00,2022-04-01-00:00
25,10,25,100,20,0.009999999999999998,0.09,0.9956635923296686,-0.017698527887792487,0.6683015112411977,-0.026482848819123626,0.9636106394503849,-0.15096020011742756,0.2617381445699695,-0.5767604120731127,0.9417403310132317,-0.24445612629511027,0.2629749035279129,-0.929579678576298,16,11,59.3,40.7,27,2022-01-01-00:00,2022-04-01-00:00
25,10,25,100,20,0.011666666666666665,0.02,0.9956635923296686,-0.017698527887792487,0.6683015112411977,-0.026482848819123626,1.005986912983101,0.024309153248319434,0.18386888638003293,0.13220917212755395,0.9740020990793882,-0.10727770581656719,0.18385444333360815,-0.583492592680555,15,23,39.5,60.5,38,2022-01-01-00:00,2022-04-01-00:00
25,10,25,100,20,0.011666666666666665,0.027777777777777776,0.9956635923296686,-0.017698527887792487,0.6683015112411977,-0.026482848819123626,0.9879098221062799,-0.049537610919615685,0.202285102461982,-0.24489006020068094,0.958127740918822,-0.1741988458231927,0.20357397750380912,-0.8557029142879189,16,20,44.4,55.6,36,2022-01-01-00:00,2022-04-01-00:00
25,10,25,100,20,0.011666666666666665,0.035555555555555556,0.9956635923296686,-0.017698527887792487,0.6683015112411977,-0.026482848819123626,0.9058001410051966,-0.4029216864674011,0.22957631260345074,-1.7550664608999598,0.8784933841176985,-0.5275829213709774,0.23105938149238853,-2.2833217935726053,16,20,44.4,55.6,36,2022-01-01-00:00,2022-04-01-00:00
25,10,25,100,20,0.011666666666666665,0.043333333333333335,0.9956635923296686,-0.017698527887792487,0.6683015112411977,-0.026482848819123626,0.9180965678666424,-0.348008206984182,0.23010108513940034,-1.5124144537317192,0.8919346267944446,-0.46574381772644835,0.23180263125528147,-2.009225759018802,17,17,50.0,50.0,34,2022-01-01-00:00,2022-04-01-00:00
25,10,25,100,20,0.011666666666666665,0.05111111111111111,0.9956635923296686,-0.017698527887792487,0.6683015112411977,-0.026482848819123626,0.951004694056636,-0.204588478597704,0.23446377687433956,-0.8725803248804306,0.9254775124029426,-0.31539846517866055,0.2360576866057389,-1.3361075833359148,17,15,53.1,46.9,32,2022-01-01-00:00,2022-04-01-00:00
25,10,25,100,20,0.011666666666666665,0.05888888888888888,0.9956635923296686,-0.017698527887792487,0.6683015112411977,-0.026482848819123626,0.9604959151353372,-0.16414533463585013,0.23548929259599893,-0.6970394824594205,0.9347139669951001,-0.2749553212168067,0.23693088896805004,-1.160487441778367,17,15,53.1,46.9,32,2022-01-01-00:00,2022-04-01-00:00
25,10,25,100,20,0.011666666666666665,0.06666666666666667,0.9956635923296686,-0.017698527887792487,0.6683015112411977,-0.026482848819123626,0.9484559641201937,-0.21551765584439334,0.25323435230431446,-0.8510601104600668,0.9245681556127675,-0.3194020182640405,0.2547625315175924,-1.2537244639602134,14,16,46.7,53.3,30,2022-01-01-00:00,2022-04-01-00:00
25,10,25,100,20,0.011666666666666665,0.07444444444444444,0.9956635923296686,-0.017698527887792487,0.6683015112411977,-0.026482848819123626,0.9304092912201866,-0.29375400190382817,0.2654190724295763,-1.1067554385405742,0.9092925275204992,-0.3872499280815107,0.2666133678369069,-1.452477537879495,13,14,48.1,51.9,27,2022-01-01-00:00,2022-04-01-00:00
25,10,25,100,20,0.011666666666666665,0.08222222222222221,0.9956635923296686,-0.017698527887792487,0.6683015112411977,-0.026482848819123626,0.9304092912201866,-0.29375400190382817,0.2654190724295763,-1.1067554385405742,0.9092925275204992,-0.3872499280815107,0.2666133678369069,-1.452477537879495,13,14,48.1,51.9,27,2022-01-01-00:00,2022-04-01-00:00
25,10,25,100,20,0.011666666666666665,0.09,0.9956635923296686,-0.017698527887792487,0.6683015112411977,-0.026482848819123626,0.9304092912201866,-0.29375400190382817,0.2654190724295763,-1.1067554385405742,0.9092925275204992,-0.3872499280815107,0.2666133678369069,-1.452477537879495,13,14,48.1,51.9,27,2022-01-01-00:00,2022-04-01-00:00
25,10,25,100,20,0.013333333333333332,0.02,0.9956635923296686,-0.017698527887792487,0.6683015112411977,-0.026482848819123626,0.9950056786420594,-0.020390456363588296,0.18454589938262245,-0.11048989130510228,0.9633700071897028,-0.15197731542847492,0.18461021136048997,-0.8232335270539693,15,22,39.5,57.9,38,2022-01-01-00:00,2022-04-01-00:00
25,10,25,100,20,0.013333333333333332,0.027777777777777776,0.9956635923296686,-0.017698527887792487,0.6683015112411977,-0.026482848819123626,0.9771259151544525,-0.09423722053152336,0.20289881786934993,-0.4644542610997583,0.9476689316481498,-0.21889845543510034,0.2042551219621371,-1.071691389338465,16,19,44.4,52.8,36,2022-01-01-00:00,2022-04-01-00:00
25,10,25,100,20,0.013333333333333332,0.035555555555555556,0.9956635923296686,-0.017698527887792487,0.6683015112411977,-0.026482848819123626,0.8959125336356026,-0.4476212960793088,0.23010941489537176,-1.9452541578224312,0.8689038540815227,-0.5722825309828851,0.23165193762811173,-2.470441373564564,16,19,44.4,52.8,36,2022-01-01-00:00,2022-04-01-00:00
25,10,25,100,20,0.013333333333333332,0.043333333333333335,0.9956635923296686,-0.017698527887792487,0.6683015112411977,-0.026482848819123626,0.908074734153564,-0.39270781659608966,0.23063418994454338,-1.7027302703494107,0.8821983737405404,-0.5104434273383561,0.23239465069964654,-2.19645084687456,17,16,50.0,47.1,34,2022-01-01-00:00,2022-04-01-00:00
25,10,25,100,20,0.013333333333333332,0.05111111111111111,0.9956635923296686,-0.017698527887792487,0.6683015112411977,-0.026482848819123626,0.940623639124322,-0.2492880882096118,0.23499010019637126,-1.0608450653933605,0.9153751091709517,-0.3600980747905682,0.23664230447923695,-1.5216978028633223,17,14,53.1,43.8,32,2022-01-01-00:00,2022-04-01-00:00
25,10,25,100,20,0.013333333333333332,0.05888888888888888,0.9956635923296686,-0.017698527887792487,0.6683015112411977,-0.026482848819123626,0.950011255154585,-0.2088449442477579,0.2360142037707256,-0.8848829473443002,0.9245107397155516,-0.3196549308287142,0.23751422681771986,-1.3458348794998,17,14,53.1,43.8,32,2022-01-01-00:00,2022-04-01-00:00
25,10,25,100,20,0.013333333333333332,0.06666666666666667,0.9956635923296686,-0.017698527887792487,0.6683015112411977,-0.026482848819123626,0.938102730822876,-0.2602172654563012,0.2537215208111277,-1.0256018670564764,0.9144756788121085,-0.3641016278759482,0.2553042409597077,-1.4261479813545712,14,15,46.7,50.0,30,2022-01-01-00:00,2022-04-01-00:00
25,10,25,100,20,0.013333333333333332,0.07444444444444444,0.9956635923296686,-0.017698527887792487,0.6683015112411977,-0.026482848819123626,0.9249415016504315,-0.31775784099206084,0.2656873885172974,-1.1959839071223866,0.9039488360454145,-0.41125376716974316,0.2669322517157418,-1.5406672087256448,14,13,51.9,48.1,27,2022-01-01-00:00,2022-04-01-00:00
25,10,25,100,20,0.013333333333333332,0.08222222222222221,0.9956635923296686,-0.017698527887792487,0.6683015112411977,-0.026482848819123626,0.9249415016504315,-0.31775784099206084,0.2656873885172974,-1.1959839071223866,0.9039488360454145,-0.41125376716974316,0.2669322517157418,-1.5406672087256448,14,13,51.9,48.1,27,2022-01-01-00:00,2022-04-01-00:00
25,10,25,100,20,0.013333333333333332,0.09,0.9956635923296686,-0.017698527887792487,0.6683015112411977,-0.026482848819123626,0.9249415016504315,-0.31775784099206084,0.2656873885172974,-1.1959839071223866,0.9039488360454145,-0.41125376716974316,0.2669322517157418,-1.5406672087256448,14,13,51.9,48.1,27,2022-01-01-00:00,2022-04-01-00:00
25,10,25,100,20,0.015,0.02,0.9956635923296686,-0.017698527887792487,0.6683015112411977,-0.026482848819123626,0.9857220253009303,-0.058566508126644226,0.18844102374321733,-0.3107948946745851,0.9543815226232669,-0.19015336719153073,0.18827309219295987,-1.0099869555265166,15,22,39.5,57.9,38,2022-01-01-00:00,2022-04-01-00:00
25,10,25,100,20,0.015,0.027777777777777776,0.9956635923296686,-0.017698527887792487,0.6683015112411977,-0.026482848819123626,0.9680090845054983,-0.1324132722945793,0.2064464017510189,-0.641392977409575,0.9388269420671593,-0.25707450719815605,0.20757022521927881,-1.2384941381962684,16,19,44.4,52.8,36,2022-01-01-00:00,2022-04-01-00:00
25,10,25,100,20,0.015,0.035555555555555556,0.9956635923296686,-0.017698527887792487,0.6683015112411977,-0.026482848819123626,0.8840673637522657,-0.5018246672968034,0.23133422891739758,-2.1692624980110047,0.857415775304328,-0.62648590220038,0.2325511170996543,-2.693970727871904,14,21,38.9,58.3,36,2022-01-01-00:00,2022-04-01-00:00
25,10,25,100,20,0.015,0.043333333333333335,0.9956635923296686,-0.017698527887792487,0.6683015112411977,-0.026482848819123626,0.8960687636051154,-0.44691118781358424,0.23185769794854327,-1.927523613698469,0.8705345235147207,-0.5646467985558511,0.23329260845212518,-2.4203372850182876,15,18,44.1,52.9,34,2022-01-01-00:00,2022-04-01-00:00
25,10,25,100,20,0.015,0.05111111111111111,0.9956635923296686,-0.017698527887792487,0.6683015112411977,-0.026482848819123626,0.9281873282307833,-0.3034914594271063,0.2361948039015735,-1.2849201354724828,0.9032726178361021,-0.41430144600806346,0.23752812290936307,-1.7442206040004546,15,16,46.9,50.0,32,2022-01-01-00:00,2022-04-01-00:00
25,10,25,100,20,0.015,0.05888888888888888,0.9956635923296686,-0.017698527887792487,0.6683015112411977,-0.026482848819123626,0.937450827338352,-0.2630483154652525,0.2372147619901949,-1.1089036502548075,0.9122874630453824,-0.3738583020462096,0.23839785563037405,-1.568211681508836,15,16,46.9,50.0,32,2022-01-01-00:00,2022-04-01-00:00
25,10,25,100,20,0.015,0.06666666666666667,0.9956635923296686,-0.017698527887792487,0.6683015112411977,-0.026482848819123626,0.9256997497310422,-0.31442063667379666,0.2548374246629821,-1.2338087197734489,0.9023850791575275,-0.41830499909344354,0.25612542784308645,-1.6332037104481298,12,17,40.0,56.7,30,2022-01-01-00:00,2022-04-01-00:00
25,10,25,100,20,0.015,0.07444444444444444,0.9956635923296686,-0.017698527887792487,0.6683015112411977,-0.026482848819123626,0.9223704426186784,-0.3290939961580495,0.26591085495649575,-1.2376102367535573,0.9014361303067162,-0.4225899223357325,0.2668809501313462,-1.5834398151226368,13,14,48.1,51.9,27,2022-01-01-00:00,2022-04-01-00:00
25,10,25,100,20,0.015,0.08222222222222221,0.9956635923296686,-0.017698527887792487,0.6683015112411977,-0.026482848819123626,0.9223704426186784,-0.3290939961580495,0.26591085495649575,-1.2376102367535573,0.9014361303067162,-0.4225899223357325,0.2668809501313462,-1.5834398151226368,13,14,48.1,51.9,27,2022-01-01-00:00,2022-04-01-00:00
25,10,25,100,20,0.015,0.09,0.9956635923296686,-0.017698527887792487,0.6683015112411977,-0.026482848819123626,0.9223704426186784,-0.3290939961580495,0.26591085495649575,-1.2376102367535573,0.9014361303067162,-0.4225899223357325,0.2668809501313462,-1.5834398151226368,13,14,48.1,51.9,27,2022-01-01-00:00,2022-04-01-00:00
25,10,25,100,20,0.016666666666666666,0.02,0.9956635923296686,-0.017698527887792487,0.6683015112411977,-0.026482848819123626,0.9935414243871002,-0.02638801333411803,0.19054410917946402,-0.13848768900677205,0.9635895697723621,-0.15104924823769472,0.19013250928802672,-0.7944419857672745,13,22,36.1,61.1,36,2022-01-01-00:00,2022-04-01-00:00
25,10,25,100,20,0.016666666666666666,0.027777777777777776,0.9956635923296686,-0.017698527887792487,0.6683015112411977,-0.026482848819123626,0.9756879728294917,-0.10023477750205294,0.20836913804842336,-0.48104425847727583,0.9478849157836178,-0.21797038824431983,0.20925967118322752,-1.0416263535722812,14,19,41.2,55.9,34,2022-01-01-00:00,2022-04-01-00:00
25,10,25,100,20,0.016666666666666666,0.035555555555555556,0.9956635923296686,-0.017698527887792487,0.6683015112411977,-0.026482848819123626,0.8920203831659559,-0.4653522776770906,0.2330682507390372,-1.9966352182311529,0.8666015051128394,-0.5830878884193575,0.23404071424431316,-2.491395098934269,12,21,35.3,61.8,34,2022-01-01-00:00,2022-04-01-00:00
25,10,25,100,20,0.016666666666666666,0.043333333333333335,0.9956635923296686,-0.017698527887792487,0.6683015112411977,-0.026482848819123626,0.9041297469251035,-0.41043879819387147,0.23358685462349482,-1.7571142813470138,0.8798607980623859,-0.5212487847748285,0.23477619559384674,-2.220194357679122,13,18,40.6,56.2,32,2022-01-01-00:00,2022-04-01-00:00
25,10,25,100,20,0.016666666666666666,0.05111111111111111,0.9956635923296686,-0.017698527887792487,0.6683015112411977,-0.026482848819123626,0.9244974231024691,-0.319713591718258,0.2363194111453307,-1.3528875608175999,0.8996817583582288,-0.4305235782992156,0.23748284292113175,-1.81286181773642,13,18,40.6,56.2,32,2022-01-01-00:00,2022-04-01-00:00
25,10,25,100,20,0.016666666666666666,0.05888888888888888,0.9956635923296686,-0.017698527887792487,0.6683015112411977,-0.026482848819123626,0.9337240962032356,-0.27927044775640414,0.23733914944294576,-1.1766724891863585,0.9086607660565273,-0.3900804343373618,0.23835305522789998,-1.6365656985784742,13,18,40.6,56.2,32,2022-01-01-00:00,2022-04-01-00:00
25,10,25,100,20,0.016666666666666666,0.06666666666666667,0.9956635923296686,-0.017698527887792487,0.6683015112411977,-0.026482848819123626,0.9220197336934148,-0.33064276896494793,0.25495284114086314,-1.296878150035071,0.8987977479906127,-0.43452713138459553,0.25608340723692896,-1.6968187672642532,10,19,33.3,63.3,30,2022-01-01-00:00,2022-04-01-00:00
25,10,25,100,20,0.016666666666666666,0.07444444444444444,0.9956635923296686,-0.017698527887792487,0.6683015112411977,-0.026482848819123626,0.9187036618698919,-0.3453161284492019,0.26602136495004114,-1.2980766733305513,0.8978525715800455,-0.43881205462688444,0.26684059350087497,-1.6444726376515333,11,16,40.7,59.3,27,2022-01-01-00:00,2022-04-01-00:00
25,10,25,100,20,0.016666666666666666,0.08222222222222221,0.9956635923296686,-0.017698527887792487,0.6683015112411977,-0.026482848819123626,0.9187036618698919,-0.3453161284492019,0.26602136495004114,-1.2980766733305513,0.8978525715800455,-0.43881205462688444,0.26684059350087497,-1.6444726376515333,11,16,40.7,59.3,27,2022-01-01-00:00,2022-04-01-00:00
25,10,25,100,20,0.016666666666666666,0.09,0.9956635923296686,-0.017698527887792487,0.6683015112411977,-0.026482848819123626,0.9187036618698919,-0.3453161284492019,0.26602136495004114,-1.2980766733305513,0.8978525715800455,-0.43881205462688444,0.26684059350087497,-1.6444726376515333,11,16,40.7,59.3,27,2022-01-01-00:00,2022-04-01-00:00
25,10,25,100,20,0.018333333333333333,0.02,0.9956635923296686,-0.017698527887792487,0.6683015112411977,-0.026482848819123626,0.9422829882220963,-0.24211009929382654,0.20866733391908449,-1.1602683311596353,0.9146537861680559,-0.36330852211674847,0.2088528767780769,-1.7395428194307,13,22,37.1,62.9,35,2022-01-01-00:00,2022-04-01-00:00
25,10,25,100,20,0.018333333333333333,0.027777777777777776,0.9956635923296686,-0.017698527887792487,0.6683015112411977,-0.026482848819123626,0.9253506255939759,-0.3159568634617612,0.22505345504719754,-1.4039191862017835,0.8997466911953929,-0.43022966212337327,0.22639681636194822,-1.9003344174043093,14,19,42.4,57.6,33,2022-01-01-00:00,2022-04-01-00:00
25,10,25,100,20,0.018333333333333333,0.035555555555555556,0.9956635923296686,-0.017698527887792487,0.6683015112411977,-0.026482848819123626,0.8459995844895438,-0.6810743636367997,0.2480608361846182,-2.74559408132412,0.8225912490290315,-0.7953471622984115,0.24944591037406916,-3.1884554094541326,12,21,36.4,63.6,33,2022-01-01-00:00,2022-04-01-00:00
25,10,25,100,20,0.018333333333333333,0.043333333333333335,0.9956635923296686,-0.017698527887792487,0.6683015112411977,-0.026482848819123626,0.8574842062560463,-0.6261608841535805,0.24855360273912713,-2.5192187007274094,0.8351771703368754,-0.7335080586538825,0.25014209257112135,-2.9323655651650418,13,18,41.9,58.1,31,2022-01-01-00:00,2022-04-01-00:00
25,10,25,100,20,0.018333333333333333,0.05111111111111111,0.9956635923296686,-0.017698527887792487,0.6683015112411977,-0.026482848819123626,0.876801080520637,-0.5354356776779674,0.25113225461354727,-2.132086451825625,0.8539915254822538,-0.6427828521782692,0.25269290417691204,-2.5437313100341457,13,18,41.9,58.1,31,2022-01-01-00:00,2022-04-01-00:00
25,10,25,100,20,0.018333333333333333,0.05888888888888888,0.9956635923296686,-0.017698527887792487,0.6683015112411977,-0.026482848819123626,0.8855517343809952,-0.4949925337161137,0.25209603308706857,-1.9635078253895168,0.8625145353247337,-0.6023397082164154,0.25351477847177617,-2.3759550107784895,13,18,41.9,58.1,31,2022-01-01-00:00,2022-04-01-00:00
25,10,25,100,20,0.018333333333333333,0.06666666666666667,0.9956635923296686,-0.017698527887792487,0.6683015112411977,-0.026482848819123626,0.8744512191832599,-0.5463648549246576,0.2687395726330244,-2.0330643885883624,0.8531524094777676,-0.6467864052636494,0.27024825715447043,-2.3933046306158214,10,19,34.5,65.5,29,2022-01-01-00:00,2022-04-01-00:00
25,10,25,100,20,0.018333333333333333,0.07444444444444444,0.9956635923296686,-0.017698527887792487,0.6683015112411977,-0.026482848819123626,0.8713062289590668,-0.5610382144089109,0.27926090002045884,-2.0090109799395792,0.8515308807111309,-0.654534140586593,0.28052939964668316,-2.3332104991881617,11,16,40.7,59.3,27,2022-01-01-00:00,2022-04-01-00:00
25,10,25,100,20,0.018333333333333333,0.08222222222222221,0.9956635923296686,-0.017698527887792487,0.6683015112411977,-0.026482848819123626,0.8713062289590668,-0.5610382144089109,0.27926090002045884,-2.0090109799395792,0.8515308807111309,-0.654534140586593,0.28052939964668316,-2.3332104991881617,11,16,40.7,59.3,27,2022-01-01-00:00,2022-04-01-00:00
25,10,25,100,20,0.018333333333333333,0.09,0.9956635923296686,-0.017698527887792487,0.6683015112411977,-0.026482848819123626,0.8713062289590668,-0.5610382144089109,0.27926090002045884,-2.0090109799395792,0.8515308807111309,-0.654534140586593,0.28052939964668316,-2.3332104991881617,11,16,40.7,59.3,27,2022-01-01-00:00,2022-04-01-00:00
25,10,25,100,20,0.02,0.02,0.9956635923296686,-0.017698527887792487,0.6683015112411977,-0.026482848819123626,0.9298857733981617,-0.2960461535142489,0.21089529436738655,-1.4037589335612521,0.902620076955025,-0.41724457633717055,0.2111317796800558,-1.97622819723991,12,23,34.3,65.7,35,2022-01-01-00:00,2022-04-01-00:00
25,10,25,100,20,0.02,0.027777777777777776,0.9956635923296686,-0.017698527887792487,0.6683015112411977,-0.026482848819123626,0.9131761826332726,-0.3698929176821836,0.22711872839046082,-1.6286323911001581,0.8879091082640489,-0.4841657163437954,0.2284990114853615,-2.1188963278067083,13,20,39.4,60.6,33,2022-01-01-00:00,2022-04-01-00:00
25,10,25,100,20,0.02,0.035555555555555556,0.9956635923296686,-0.017698527887792487,0.6683015112411977,-0.026482848819123626,0.834869129285566,-0.7350104178572223,0.24992706815450993,-2.940899612373415,0.8117687672969321,-0.8492832165188337,0.25134646165003705,-3.3789344434907362,11,22,33.3,66.7,33,2022-01-01-00:00,2022-04-01-00:00
25,10,25,100,20,0.02,0.043333333333333335,0.9956635923296686,-0.017698527887792487,0.6683015112411977,-0.026482848819123626,0.8462026527886056,-0.680096938374003,0.2504175131866997,-2.7158521371744246,0.8241891010136164,-0.7874441128743047,0.252038905545893,-3.1242958747530407,12,19,38.7,61.3,31,2022-01-01-00:00,2022-04-01-00:00
25,10,25,100,20,0.02,0.05111111111111111,0.9956635923296686,-0.017698527887792487,0.6683015112411977,-0.026482848819123626,0.8652653831887964,-0.5893717318983898,0.25297937565801537,-2.3297224541146746,0.8427559237240186,-0.6967189063986913,0.2545729070017334,-2.736814826858018,12,19,38.7,61.3,31,2022-01-01-00:00,2022-04-01-00:00
25,10,25,100,20,0.02,0.05888888888888888,0.9956635923296686,-0.017698527887792487,0.6683015112411977,-0.026482848819123626,0.8739009084337463,-0.5489285879365361,0.25393712480566816,-2.1616712733776824,0.8511667999662061,-0.6562757624368376,0.25538970675584244,-2.5697032616285123,12,19,38.7,61.3,31,2022-01-01-00:00,2022-04-01-00:00
25,10,25,100,20,0.02,0.06666666666666667,0.9956635923296686,-0.017698527887792487,0.6683015112411977,-0.026482848819123626,0.8629464379734018,-0.6003009091450797,0.2704662242382556,-2.2195041574443337,0.8419278476104144,-0.7007224594840715,0.2720068608135092,-2.576120533829087,9,20,31.0,69.0,29,2022-01-01-00:00,2022-04-01-00:00
25,10,25,100,20,0.02,0.07444444444444444,0.9956635923296686,-0.017698527887792487,0.6683015112411977,-0.026482848819123626,0.8598428250423531,-0.6149742686293334,0.2809225695110753,-2.1891237492938003,0.8403276526052003,-0.7084701948070149,0.28222377725739545,-2.5103136301689832,10,17,37.0,63.0,27,2022-01-01-00:00,2022-04-01-00:00
25,10,25,100,20,0.02,0.08222222222222221,0.9956635923296686,-0.017698527887792487,0.6683015112411977,-0.026482848819123626,0.8598428250423531,-0.6149742686293334,0.2809225695110753,-2.1891237492938003,0.8403276526052003,-0.7084701948070149,0.28222377725739545,-2.5103136301689832,10,17,37.0,63.0,27,2022-01-01-00:00,2022-04-01-00:00
25,10,25,100,20,0.02,0.09,0.9956635923296686,-0.017698527887792487,0.6683015112411977,-0.026482848819123626,0.8598428250423531,-0.6149742686293334,0.2809225695110753,-2.1891237492938003,0.8403276526052003,-0.7084701948070149,0.28222377725739545,-2.5103136301689832,10,17,37.0,63.0,27,2022-01-01-00:00,2022-04-01-00:00
